/*
SQLyog Ultimate v10.42 
MySQL - 5.5.5-10.0.17-MariaDB : Database - bikinap2_sijuet
*********************************************************************
*/

/*!40101 SET NAMES utf8 */;

/*!40101 SET SQL_MODE=''*/;

/*!40014 SET @OLD_UNIQUE_CHECKS=@@UNIQUE_CHECKS, UNIQUE_CHECKS=0 */;
/*!40014 SET @OLD_FOREIGN_KEY_CHECKS=@@FOREIGN_KEY_CHECKS, FOREIGN_KEY_CHECKS=0 */;
/*!40101 SET @OLD_SQL_MODE=@@SQL_MODE, SQL_MODE='NO_AUTO_VALUE_ON_ZERO' */;
/*!40111 SET @OLD_SQL_NOTES=@@SQL_NOTES, SQL_NOTES=0 */;
CREATE DATABASE /*!32312 IF NOT EXISTS*/`bikinap2_sijuet` /*!40100 DEFAULT CHARACTER SET latin1 */;

USE `bikinap2_sijuet`;

/*Table structure for table `data_bangunan` */

DROP TABLE IF EXISTS `data_bangunan`;

CREATE TABLE `data_bangunan` (
  `id_bangunan` int(11) NOT NULL AUTO_INCREMENT,
  `nama_bangunan` varchar(200) DEFAULT NULL,
  `id_ruas` int(11) DEFAULT NULL,
  PRIMARY KEY (`id_bangunan`)
) ENGINE=InnoDB AUTO_INCREMENT=164 DEFAULT CHARSET=latin1;

/*Data for the table `data_bangunan` */

insert  into `data_bangunan`(`id_bangunan`,`nama_bangunan`,`id_ruas`) values (1,'Jembatan 1a',1),(2,'Bangunan Ukur 1b',1),(3,'Jembatan Orang 1c',3),(4,'Jembatan Orang 1d',4),(5,'Gorong2 Pembuang 1e',5),(6,'Gorong2 Pembuang 1f',6),(7,'Penguras/Pelimpah 1g',7),(8,'Saluran tertutup 1h',8),(9,'Gorong2 Pembuang 1i',9),(10,'Gorong2 Pembuang 1j',10),(11,'Saluran tertutup 1k',11),(12,'Gorong2 Pembuang 1l',12),(13,'Oncoran 1.1',13),(14,'Sadap 1',14),(15,'Jembatan orang 2a',15),(16,'Penguras/Pelimpah 2b',16),(17,'Gorong2 Pembuang 2c',17),(18,'Talang Pembawa 2d',18),(19,'Gorong2 Pembuang 2e',19),(20,'Sadap 2',20),(21,'Saluran Tertutup 3a',21),(22,'Talang Lintas 3b',22),(23,'Sadap 3',23),(24,'Oncoran 4.1',24),(25,'Saluran Tertutup 4.2',25),(26,'Oncoran 4.2',25),(27,'Oncoran 4.3',26),(28,'Oncoran 4.4',27),(29,'Oncoran 4.5',28),(30,'Penguras 4b',29),(31,'Gorong2 Pembuang 4c',30),(32,'Sadap 4',31),(33,'Oncoran 5.1',32),(34,'Talang 5a',33),(35,'Gorong2 Pembuang 5b',34),(36,'Sadap 5',35),(37,'Oncoran 6.1',36),(38,'Gorong2 Pembuang 6a',36),(39,'Saluran Tertutup 6b',37),(40,'Oncoran 6.2',38),(41,'Gorong2 Pembuang 6c',39),(42,'Penguras/Pelimpah 2d',40),(43,'Sadap 6',41),(44,'Oncoran 7.1',42),(45,'Saluran Tertutup 7a',43),(46,'Oncoran 7.2',44),(47,'Gorong2 Pembuang 7b',45),(48,'Saluran Tertutup 7c',46),(49,'Sadap 7',47),(50,'Oncoran 8.1',48),(51,'Saluran Tertutup 8a',49),(52,'Saluran Tertutup 8b',50),(53,'Penguras/Pelimpah 8c',51),(54,'Gorong2 Pembuang 8d',51),(55,'Oncoran 8.2',52),(56,'Sadap 8',53),(57,'Oncoran 9.1',54),(58,'Talang Lintas 9a',55),(59,'Oncoran 9.2',56),(60,'Gorong2 Pembuang 9b',57),(61,'Oncoran 9.3',58),(62,'Sadap 9',59),(63,'Oncoran 10.1',60),(64,'Oncoran 10.2',61),(65,'Oncoran 10.3',62),(66,'Penguras/Pelimpah 10a',63),(67,'Gorong2 Pembuang 10b',64),(68,'Sadap 10',65),(69,'Sadap 11',66),(70,'Talang Pembawa 12a',67),(71,'Talang Lintas 12b',68),(72,'Jembatan Penyebrangan 12c',69),(73,'Sadap 12',70),(74,'Oncoran 13.1',71),(75,'Terjunan 13a',72),(76,'Terjunan 13b',73),(77,'Terjunan 13c',74),(78,'Sadap 13',75),(79,'Jembatan Orang/Terjunan 14.a',75),(80,'Got Miring 14.b',76),(81,'Jembatan Penyebrangan 14c',77),(82,'Jembatan Penyebrangan 14d',78),(83,'Oncoran 14.1',79),(84,'Bendung Suplesi 14e',80),(85,'Penguras/Pelimpah 14f',80),(86,'Saluran Tertutup 14g',81),(87,'Sadap 14',82),(88,'Talang Lintas 15a',83),(89,'Got Miring 15a',84),(90,'Talang Pembawa 15b',85),(91,'Saluran Tertutup 15c',86),(92,'Oncoran 15.1',87),(93,'Terjunan 15d',88),(94,'BANG…..',89),(95,'Penguras/Pelimpah 15d',90),(96,'Terjunan 15 e',91),(97,'Oncoran 15.2',92),(98,'Oncoran 15.3',93),(99,'Sadap 15',94),(100,'Gorong2 Pembuang 16a',95),(101,'Jembatan Penyebrangan 16b',96),(102,'Gorong2 Pembuang 16c',97),(103,'Penguras/Pelimpah 16d',97),(104,'Jembatan Penyebrangan 16e',97),(105,'Saluran Tertutup 16f',98),(106,'Sadap 16',99),(107,'Oncoran 17.1',100),(108,'Jembatan Penyebrangan 17a',101),(109,'Gorong2 Pembuang 17b',102),(110,'Oncoran 17.2',103),(111,'Penguras/Pelimpah 17c',104),(112,'Gorong2 Pembuang 17d',104),(113,'Sadap 17',105),(114,'Gorong2 Pembuang 18a',106),(115,'Sadap 18',107),(116,'Gorong2 Pembuang 19a',108),(117,'Gorong2 Pembuang 19b',109),(118,'Gorong2 Pembuang 19c',110),(119,'Penguras/Pelimpah 19c',111),(120,'Saluran Tertutup 19d',111),(121,'Sadap 19',112),(122,'Gorong2 Pembuang 20a',112),(123,'Gorong2 Pembuang 20b',113),(124,'Gorong2 Pembuang 20c',114),(125,'Gorong2 Pembuang 20d',115),(126,'Penguras 20d',115),(127,'Gorong2 Pembuang 20e',116),(128,'Gorong2 Pembuang 20f',117),(129,'Oncoran 20.1',117),(130,'Gorong2 Pembuang 20g',118),(131,'Oncoran 20.2',119),(132,'Gorong2 Pembuang 20h',119),(133,'Penguras/Pelimpah 20i',120),(134,'Gorong2 Pembuang 20i',120),(135,'Gorong2 Pembuang 20k',121),(136,'Sadap 20',122),(137,'Penguras 21a',123),(138,'Gorong2 Pembuang 21a',123),(139,'Saluran tertutup 21b',124),(140,'Jembatan Penyebrangan 21c',125),(141,'Gorong2 Pembuang 21d',125),(142,'Oncoran 21.1',126),(143,'Gorong2 Pembuang 21e',126),(144,'Gorong2 Pembuang 21f',126),(145,'Saluran tertutup 21g',127),(146,'Gorong2 Pembuang 21h',127),(147,'Gorong2 Pembuang 21i',128),(148,'Terjunan 21 j',129),(149,'Penguras 21k',130),(150,'Gorong2 Pembuang 21l',131),(151,'Sadap 21',132),(152,'Jembatan Penyebrangan 22a',133),(153,'Oncoran 22.1',134),(154,'Jembatan Penyebrangan 22b',135),(155,'Oncoran 22.2',136),(156,'Gorong2 Pembuang 22b',137),(157,'Sadap 22',138),(158,'Jembatan Penyebrangan 23a',139),(159,'Oncoran 23.1',140),(160,'Gorong2 Pembuang 23a',141),(161,'Gorong2 Pembuang 23b',142),(162,'Sadap 23',143),(163,'Sadap 24',144);

/*Table structure for table `data_laporandt` */

DROP TABLE IF EXISTS `data_laporandt`;

CREATE TABLE `data_laporandt` (
  `ID_LAPORANDT` int(11) NOT NULL AUTO_INCREMENT,
  `ID_LAPORANHD` varchar(200) DEFAULT NULL,
  `ID_BANGUNAN` int(11) DEFAULT NULL,
  `BOCORAN` varchar(100) DEFAULT NULL,
  `BOCORAN_M` float DEFAULT '0',
  `RUSAK` varchar(100) DEFAULT NULL,
  `RUSAK_M` float DEFAULT '0',
  `LONGOSRAN` varchar(100) DEFAULT NULL,
  `LONGSORAN_M` float DEFAULT '0',
  `TERSUMBAT` varchar(100) DEFAULT NULL,
  `TERSUMBAT_M` float DEFAULT '0',
  `RETAK` varchar(100) DEFAULT NULL,
  `RETAK_M` float DEFAULT '0',
  `PINTU_RUSAK` varchar(100) DEFAULT NULL,
  `PINTU_RUSAK_M` float DEFAULT '0',
  `SEDIMEN` varchar(100) DEFAULT NULL,
  `SEDIMEN_M` float DEFAULT '0',
  `LAIN_LAIN` text,
  `DIKERJAKAN` varchar(100) DEFAULT NULL,
  `USULAN` text,
  `LANJUTAN` text,
  `AREA_BAWAH` varchar(100) DEFAULT NULL,
  `DESA` varchar(100) DEFAULT NULL,
  `ESTIMASI_RUGI` float DEFAULT '0',
  `ESTIMASI_PERBAIKAN` float DEFAULT '0',
  `PRIORITAS` varchar(100) DEFAULT NULL,
  `STATUS_LAPORANDT` varchar(100) DEFAULT NULL,
  `FOTO_BEFORE` text,
  `FOTO_AFTER` text,
  `PENYEBAB_KERUSAKAN` text,
  `JENIS_KERUSAKAN` text,
  `TANAH` float DEFAULT '0',
  `BATU` float DEFAULT '0',
  `BETON` float DEFAULT '0',
  `PINTU_AIR` float DEFAULT '0',
  `GORONG_GORONG` float DEFAULT '0',
  `LAIN_LAIN_KERUSAKAN` text,
  `LUAS_TERANCAM` float DEFAULT '0',
  `TINDAKAN_PERBAIKAN` text,
  `BIAYA_PERBAIKAN` float DEFAULT '0',
  `DIKERJAKAN_OLEH` text,
  `DIUSULKAN_OLEH` text,
  PRIMARY KEY (`ID_LAPORANDT`)
) ENGINE=InnoDB AUTO_INCREMENT=1021 DEFAULT CHARSET=latin1;

/*Data for the table `data_laporandt` */

insert  into `data_laporandt`(`ID_LAPORANDT`,`ID_LAPORANHD`,`ID_BANGUNAN`,`BOCORAN`,`BOCORAN_M`,`RUSAK`,`RUSAK_M`,`LONGOSRAN`,`LONGSORAN_M`,`TERSUMBAT`,`TERSUMBAT_M`,`RETAK`,`RETAK_M`,`PINTU_RUSAK`,`PINTU_RUSAK_M`,`SEDIMEN`,`SEDIMEN_M`,`LAIN_LAIN`,`DIKERJAKAN`,`USULAN`,`LANJUTAN`,`AREA_BAWAH`,`DESA`,`ESTIMASI_RUGI`,`ESTIMASI_PERBAIKAN`,`PRIORITAS`,`STATUS_LAPORANDT`,`FOTO_BEFORE`,`FOTO_AFTER`,`PENYEBAB_KERUSAKAN`,`JENIS_KERUSAKAN`,`TANAH`,`BATU`,`BETON`,`PINTU_AIR`,`GORONG_GORONG`,`LAIN_LAIN_KERUSAKAN`,`LUAS_TERANCAM`,`TINDAKAN_PERBAIKAN`,`BIAYA_PERBAIKAN`,`DIKERJAKAN_OLEH`,`DIUSULKAN_OLEH`) values (256,'e55907f68e4f4d6b4efe7d49a16278a441ae4ef3',1,NULL,0,NULL,0,NULL,33,NULL,0,NULL,0,NULL,0,NULL,55,'INI LAIN LAIN','DIKERJAKAN','USULAN',NULL,'AREA LAYANAN','Cisaranten',1500,1000,'IYA',NULL,'2963912dd07534f2afe436339768087960a94c3f.jpeg','f0adb227fc49cb90a7b4535319a89404c54df61a.jpeg','a','b',1,2,3,4,45,'c',6,'d',7,'e','f'),(257,'e55907f68e4f4d6b4efe7d49a16278a441ae4ef3',2,NULL,0,NULL,0,NULL,0,NULL,0,NULL,0,NULL,23,NULL,0,NULL,NULL,NULL,NULL,'AREA LAYANAN','Wangunreja Nyalindung',0,0,NULL,NULL,'61aae2c5189b6e5477612fd6470c0b15b4c47ccf.jpeg','3dad8cb09939ef7eadf31d2fc49054f92f39dd13.jpeg','uyi','tyui',0,0,0,0,0,'yufy',0,'dtyutyu',0,'xfgyt','th'),(258,'e55907f68e4f4d6b4efe7d49a16278a441ae4ef3',3,NULL,0,NULL,0,NULL,0,NULL,0,NULL,0,NULL,0,NULL,77,NULL,NULL,NULL,NULL,'AREA LAYANAN','Cijambe',0,0,NULL,NULL,'09dea23d8141898becd2a14a40fa22e215d3bc04.jpeg','db479f6b7aea4b65f04843bb8b71309ca8a6650c.jpeg','yit','yui',0,0,0,0,0,'dtyuty',0,'tyuthgfh',0,'thrt','thtr'),(259,'e55907f68e4f4d6b4efe7d49a16278a441ae4ef3',4,NULL,0,NULL,0,NULL,0,NULL,0,NULL,0,NULL,0,NULL,0,NULL,NULL,NULL,NULL,NULL,NULL,0,0,NULL,NULL,NULL,NULL,NULL,NULL,0,0,0,0,0,NULL,0,NULL,0,NULL,NULL),(260,'e55907f68e4f4d6b4efe7d49a16278a441ae4ef3',5,NULL,0,NULL,0,NULL,0,NULL,0,NULL,0,NULL,0,NULL,0,NULL,NULL,NULL,NULL,NULL,NULL,0,0,NULL,NULL,NULL,NULL,NULL,NULL,0,0,0,0,0,NULL,0,NULL,0,NULL,NULL),(261,'e55907f68e4f4d6b4efe7d49a16278a441ae4ef3',6,NULL,0,NULL,0,NULL,0,NULL,0,NULL,0,NULL,0,NULL,0,NULL,NULL,NULL,NULL,NULL,NULL,0,0,NULL,NULL,NULL,NULL,NULL,NULL,0,0,0,0,0,NULL,0,NULL,0,NULL,NULL),(262,'e55907f68e4f4d6b4efe7d49a16278a441ae4ef3',7,NULL,0,NULL,0,NULL,0,NULL,0,NULL,0,NULL,0,NULL,0,NULL,NULL,NULL,NULL,NULL,NULL,0,0,NULL,NULL,NULL,NULL,NULL,NULL,0,0,0,0,0,NULL,0,NULL,0,NULL,NULL),(263,'e55907f68e4f4d6b4efe7d49a16278a441ae4ef3',8,NULL,0,NULL,0,NULL,0,NULL,0,NULL,0,NULL,0,NULL,0,NULL,NULL,NULL,NULL,NULL,NULL,0,0,NULL,NULL,NULL,NULL,NULL,NULL,0,0,0,0,0,NULL,0,NULL,0,NULL,NULL),(264,'e55907f68e4f4d6b4efe7d49a16278a441ae4ef3',9,NULL,0,NULL,0,NULL,0,NULL,0,NULL,0,NULL,0,NULL,0,NULL,NULL,NULL,NULL,NULL,NULL,0,0,NULL,NULL,NULL,NULL,NULL,NULL,0,0,0,0,0,NULL,0,NULL,0,NULL,NULL),(265,'e55907f68e4f4d6b4efe7d49a16278a441ae4ef3',10,NULL,0,NULL,0,NULL,0,NULL,0,NULL,0,NULL,0,NULL,0,NULL,NULL,NULL,NULL,NULL,NULL,0,0,NULL,NULL,NULL,NULL,NULL,NULL,0,0,0,0,0,NULL,0,NULL,0,NULL,NULL),(266,'e55907f68e4f4d6b4efe7d49a16278a441ae4ef3',11,NULL,0,NULL,0,NULL,0,NULL,0,NULL,0,NULL,0,NULL,0,NULL,NULL,NULL,NULL,NULL,NULL,0,0,NULL,NULL,NULL,NULL,NULL,NULL,0,0,0,0,0,NULL,0,NULL,0,NULL,NULL),(267,'e55907f68e4f4d6b4efe7d49a16278a441ae4ef3',12,NULL,0,NULL,0,NULL,0,NULL,0,NULL,0,NULL,0,NULL,0,NULL,NULL,NULL,NULL,NULL,NULL,0,0,NULL,NULL,NULL,NULL,NULL,NULL,0,0,0,0,0,NULL,0,NULL,0,NULL,NULL),(268,'e55907f68e4f4d6b4efe7d49a16278a441ae4ef3',13,NULL,0,NULL,0,NULL,0,NULL,0,NULL,0,NULL,0,NULL,0,NULL,NULL,NULL,NULL,NULL,NULL,0,0,NULL,NULL,NULL,NULL,NULL,NULL,0,0,0,0,0,NULL,0,NULL,0,NULL,NULL),(269,'e55907f68e4f4d6b4efe7d49a16278a441ae4ef3',14,NULL,0,NULL,0,NULL,0,NULL,0,NULL,0,NULL,0,NULL,0,NULL,NULL,NULL,NULL,NULL,NULL,0,0,NULL,NULL,NULL,NULL,NULL,NULL,0,0,0,0,0,NULL,0,NULL,0,NULL,NULL),(270,'e55907f68e4f4d6b4efe7d49a16278a441ae4ef3',15,NULL,0,NULL,0,NULL,0,NULL,0,NULL,0,NULL,0,NULL,0,NULL,NULL,NULL,NULL,NULL,NULL,0,0,NULL,NULL,NULL,NULL,NULL,NULL,0,0,0,0,0,NULL,0,NULL,0,NULL,NULL),(271,'e55907f68e4f4d6b4efe7d49a16278a441ae4ef3',16,NULL,0,NULL,0,NULL,0,NULL,0,NULL,0,NULL,0,NULL,0,NULL,NULL,NULL,NULL,NULL,NULL,0,0,NULL,NULL,NULL,NULL,NULL,NULL,0,0,0,0,0,NULL,0,NULL,0,NULL,NULL),(272,'e55907f68e4f4d6b4efe7d49a16278a441ae4ef3',17,NULL,0,NULL,0,NULL,0,NULL,0,NULL,0,NULL,0,NULL,0,NULL,NULL,NULL,NULL,NULL,NULL,0,0,NULL,NULL,NULL,NULL,NULL,NULL,0,0,0,0,0,NULL,0,NULL,0,NULL,NULL),(273,'e55907f68e4f4d6b4efe7d49a16278a441ae4ef3',18,NULL,0,NULL,0,NULL,0,NULL,0,NULL,0,NULL,0,NULL,0,NULL,NULL,NULL,NULL,NULL,NULL,0,0,NULL,NULL,NULL,NULL,NULL,NULL,0,0,0,0,0,NULL,0,NULL,0,NULL,NULL),(274,'e55907f68e4f4d6b4efe7d49a16278a441ae4ef3',19,NULL,0,NULL,0,NULL,0,NULL,0,NULL,0,NULL,0,NULL,0,NULL,NULL,NULL,NULL,NULL,NULL,0,0,NULL,NULL,NULL,NULL,NULL,NULL,0,0,0,0,0,NULL,0,NULL,0,NULL,NULL),(275,'e55907f68e4f4d6b4efe7d49a16278a441ae4ef3',20,NULL,0,NULL,0,NULL,0,NULL,0,NULL,0,NULL,0,NULL,0,NULL,NULL,NULL,NULL,NULL,NULL,0,0,NULL,NULL,NULL,NULL,NULL,NULL,0,0,0,0,0,NULL,0,NULL,0,NULL,NULL),(276,'e55907f68e4f4d6b4efe7d49a16278a441ae4ef3',21,NULL,0,NULL,0,NULL,0,NULL,0,NULL,0,NULL,0,NULL,0,NULL,NULL,NULL,NULL,NULL,NULL,0,0,NULL,NULL,NULL,NULL,NULL,NULL,0,0,0,0,0,NULL,0,NULL,0,NULL,NULL),(277,'e55907f68e4f4d6b4efe7d49a16278a441ae4ef3',22,NULL,0,NULL,0,NULL,0,NULL,0,NULL,0,NULL,0,NULL,0,NULL,NULL,NULL,NULL,NULL,NULL,0,0,NULL,NULL,NULL,NULL,NULL,NULL,0,0,0,0,0,NULL,0,NULL,0,NULL,NULL),(278,'e55907f68e4f4d6b4efe7d49a16278a441ae4ef3',23,NULL,0,NULL,0,NULL,0,NULL,0,NULL,0,NULL,0,NULL,0,NULL,NULL,NULL,NULL,NULL,NULL,0,0,NULL,NULL,NULL,NULL,NULL,NULL,0,0,0,0,0,NULL,0,NULL,0,NULL,NULL),(279,'e55907f68e4f4d6b4efe7d49a16278a441ae4ef3',24,NULL,0,NULL,0,NULL,0,NULL,0,NULL,0,NULL,0,NULL,0,NULL,NULL,NULL,NULL,NULL,NULL,0,0,NULL,NULL,NULL,NULL,NULL,NULL,0,0,0,0,0,NULL,0,NULL,0,NULL,NULL),(280,'e55907f68e4f4d6b4efe7d49a16278a441ae4ef3',25,NULL,0,NULL,0,NULL,0,NULL,0,NULL,0,NULL,0,NULL,0,NULL,NULL,NULL,NULL,NULL,NULL,0,0,NULL,NULL,NULL,NULL,NULL,NULL,0,0,0,0,0,NULL,0,NULL,0,NULL,NULL),(281,'e55907f68e4f4d6b4efe7d49a16278a441ae4ef3',26,NULL,0,NULL,0,NULL,0,NULL,0,NULL,0,NULL,0,NULL,0,NULL,NULL,NULL,NULL,NULL,NULL,0,0,NULL,NULL,NULL,NULL,NULL,NULL,0,0,0,0,0,NULL,0,NULL,0,NULL,NULL),(282,'e55907f68e4f4d6b4efe7d49a16278a441ae4ef3',27,NULL,0,NULL,0,NULL,0,NULL,0,NULL,0,NULL,0,NULL,0,NULL,NULL,NULL,NULL,NULL,NULL,0,0,NULL,NULL,NULL,NULL,NULL,NULL,0,0,0,0,0,NULL,0,NULL,0,NULL,NULL),(283,'e55907f68e4f4d6b4efe7d49a16278a441ae4ef3',28,NULL,0,NULL,0,NULL,0,NULL,0,NULL,0,NULL,0,NULL,0,NULL,NULL,NULL,NULL,NULL,NULL,0,0,NULL,NULL,NULL,NULL,NULL,NULL,0,0,0,0,0,NULL,0,NULL,0,NULL,NULL),(284,'e55907f68e4f4d6b4efe7d49a16278a441ae4ef3',29,NULL,0,NULL,0,NULL,0,NULL,0,NULL,0,NULL,0,NULL,0,NULL,NULL,NULL,NULL,NULL,NULL,0,0,NULL,NULL,NULL,NULL,NULL,NULL,0,0,0,0,0,NULL,0,NULL,0,NULL,NULL),(285,'e55907f68e4f4d6b4efe7d49a16278a441ae4ef3',30,NULL,0,NULL,0,NULL,0,NULL,0,NULL,0,NULL,0,NULL,0,NULL,NULL,NULL,NULL,NULL,NULL,0,0,NULL,NULL,NULL,NULL,NULL,NULL,0,0,0,0,0,NULL,0,NULL,0,NULL,NULL),(286,'e55907f68e4f4d6b4efe7d49a16278a441ae4ef3',31,NULL,0,NULL,0,NULL,0,NULL,0,NULL,0,NULL,0,NULL,0,NULL,NULL,NULL,NULL,NULL,NULL,0,0,NULL,NULL,NULL,NULL,NULL,NULL,0,0,0,0,0,NULL,0,NULL,0,NULL,NULL),(287,'e55907f68e4f4d6b4efe7d49a16278a441ae4ef3',32,NULL,0,NULL,0,NULL,0,NULL,0,NULL,0,NULL,0,NULL,0,NULL,NULL,NULL,NULL,NULL,NULL,0,0,NULL,NULL,NULL,NULL,NULL,NULL,0,0,0,0,0,NULL,0,NULL,0,NULL,NULL),(288,'e55907f68e4f4d6b4efe7d49a16278a441ae4ef3',33,NULL,0,NULL,0,NULL,0,NULL,0,NULL,0,NULL,0,NULL,0,NULL,NULL,NULL,NULL,NULL,NULL,0,0,NULL,NULL,NULL,NULL,NULL,NULL,0,0,0,0,0,NULL,0,NULL,0,NULL,NULL),(289,'e55907f68e4f4d6b4efe7d49a16278a441ae4ef3',34,NULL,0,NULL,0,NULL,0,NULL,0,NULL,0,NULL,0,NULL,0,NULL,NULL,NULL,NULL,NULL,NULL,0,0,NULL,NULL,NULL,NULL,NULL,NULL,0,0,0,0,0,NULL,0,NULL,0,NULL,NULL),(290,'e55907f68e4f4d6b4efe7d49a16278a441ae4ef3',35,NULL,0,NULL,0,NULL,0,NULL,0,NULL,0,NULL,0,NULL,0,NULL,NULL,NULL,NULL,NULL,NULL,0,0,NULL,NULL,NULL,NULL,NULL,NULL,0,0,0,0,0,NULL,0,NULL,0,NULL,NULL),(291,'e55907f68e4f4d6b4efe7d49a16278a441ae4ef3',36,NULL,0,NULL,0,NULL,0,NULL,0,NULL,0,NULL,0,NULL,0,NULL,NULL,NULL,NULL,NULL,NULL,0,0,NULL,NULL,NULL,NULL,NULL,NULL,0,0,0,0,0,NULL,0,NULL,0,NULL,NULL),(292,'e55907f68e4f4d6b4efe7d49a16278a441ae4ef3',37,NULL,0,NULL,0,NULL,0,NULL,0,NULL,0,NULL,0,NULL,0,NULL,NULL,NULL,NULL,NULL,NULL,0,0,NULL,NULL,NULL,NULL,NULL,NULL,0,0,0,0,0,NULL,0,NULL,0,NULL,NULL),(293,'e55907f68e4f4d6b4efe7d49a16278a441ae4ef3',38,NULL,0,NULL,0,NULL,0,NULL,0,NULL,0,NULL,0,NULL,0,NULL,NULL,NULL,NULL,NULL,NULL,0,0,NULL,NULL,NULL,NULL,NULL,NULL,0,0,0,0,0,NULL,0,NULL,0,NULL,NULL),(294,'e55907f68e4f4d6b4efe7d49a16278a441ae4ef3',39,NULL,0,NULL,0,NULL,0,NULL,0,NULL,0,NULL,0,NULL,0,NULL,NULL,NULL,NULL,NULL,NULL,0,0,NULL,NULL,NULL,NULL,NULL,NULL,0,0,0,0,0,NULL,0,NULL,0,NULL,NULL),(295,'e55907f68e4f4d6b4efe7d49a16278a441ae4ef3',40,NULL,0,NULL,0,NULL,0,NULL,0,NULL,0,NULL,0,NULL,0,NULL,NULL,NULL,NULL,NULL,NULL,0,0,NULL,NULL,NULL,NULL,NULL,NULL,0,0,0,0,0,NULL,0,NULL,0,NULL,NULL),(296,'e55907f68e4f4d6b4efe7d49a16278a441ae4ef3',41,NULL,0,NULL,0,NULL,0,NULL,0,NULL,0,NULL,0,NULL,0,NULL,NULL,NULL,NULL,NULL,NULL,0,0,NULL,NULL,NULL,NULL,NULL,NULL,0,0,0,0,0,NULL,0,NULL,0,NULL,NULL),(297,'e55907f68e4f4d6b4efe7d49a16278a441ae4ef3',42,NULL,0,NULL,0,NULL,0,NULL,0,NULL,0,NULL,0,NULL,0,NULL,NULL,NULL,NULL,NULL,NULL,0,0,NULL,NULL,NULL,NULL,NULL,NULL,0,0,0,0,0,NULL,0,NULL,0,NULL,NULL),(298,'e55907f68e4f4d6b4efe7d49a16278a441ae4ef3',43,NULL,0,NULL,0,NULL,0,NULL,0,NULL,0,NULL,0,NULL,0,NULL,NULL,NULL,NULL,NULL,NULL,0,0,NULL,NULL,NULL,NULL,NULL,NULL,0,0,0,0,0,NULL,0,NULL,0,NULL,NULL),(299,'e55907f68e4f4d6b4efe7d49a16278a441ae4ef3',44,NULL,0,NULL,0,NULL,0,NULL,0,NULL,0,NULL,0,NULL,0,NULL,NULL,NULL,NULL,NULL,NULL,0,0,NULL,NULL,NULL,NULL,NULL,NULL,0,0,0,0,0,NULL,0,NULL,0,NULL,NULL),(300,'e55907f68e4f4d6b4efe7d49a16278a441ae4ef3',45,NULL,0,NULL,0,NULL,0,NULL,0,NULL,0,NULL,0,NULL,0,NULL,NULL,NULL,NULL,NULL,NULL,0,0,NULL,NULL,NULL,NULL,NULL,NULL,0,0,0,0,0,NULL,0,NULL,0,NULL,NULL),(301,'e55907f68e4f4d6b4efe7d49a16278a441ae4ef3',46,NULL,0,NULL,0,NULL,0,NULL,0,NULL,0,NULL,0,NULL,0,NULL,NULL,NULL,NULL,NULL,NULL,0,0,NULL,NULL,NULL,NULL,NULL,NULL,0,0,0,0,0,NULL,0,NULL,0,NULL,NULL),(302,'e55907f68e4f4d6b4efe7d49a16278a441ae4ef3',47,NULL,0,NULL,0,NULL,0,NULL,0,NULL,0,NULL,0,NULL,0,NULL,NULL,NULL,NULL,NULL,NULL,0,0,NULL,NULL,NULL,NULL,NULL,NULL,0,0,0,0,0,NULL,0,NULL,0,NULL,NULL),(303,'e55907f68e4f4d6b4efe7d49a16278a441ae4ef3',48,NULL,0,NULL,0,NULL,0,NULL,0,NULL,0,NULL,0,NULL,0,NULL,NULL,NULL,NULL,NULL,NULL,0,0,NULL,NULL,NULL,NULL,NULL,NULL,0,0,0,0,0,NULL,0,NULL,0,NULL,NULL),(304,'e55907f68e4f4d6b4efe7d49a16278a441ae4ef3',49,NULL,0,NULL,0,NULL,0,NULL,0,NULL,0,NULL,0,NULL,0,NULL,NULL,NULL,NULL,NULL,NULL,0,0,NULL,NULL,NULL,NULL,NULL,NULL,0,0,0,0,0,NULL,0,NULL,0,NULL,NULL),(305,'e55907f68e4f4d6b4efe7d49a16278a441ae4ef3',50,NULL,0,NULL,0,NULL,0,NULL,0,NULL,0,NULL,0,NULL,0,NULL,NULL,NULL,NULL,NULL,NULL,0,0,NULL,NULL,NULL,NULL,NULL,NULL,0,0,0,0,0,NULL,0,NULL,0,NULL,NULL),(306,'e55907f68e4f4d6b4efe7d49a16278a441ae4ef3',51,NULL,0,NULL,0,NULL,0,NULL,0,NULL,0,NULL,0,NULL,0,NULL,NULL,NULL,NULL,NULL,NULL,0,0,NULL,NULL,NULL,NULL,NULL,NULL,0,0,0,0,0,NULL,0,NULL,0,NULL,NULL),(307,'e55907f68e4f4d6b4efe7d49a16278a441ae4ef3',52,NULL,0,NULL,0,NULL,0,NULL,0,NULL,0,NULL,0,NULL,0,NULL,NULL,NULL,NULL,NULL,NULL,0,0,NULL,NULL,NULL,NULL,NULL,NULL,0,0,0,0,0,NULL,0,NULL,0,NULL,NULL),(308,'e55907f68e4f4d6b4efe7d49a16278a441ae4ef3',53,NULL,0,NULL,0,NULL,0,NULL,0,NULL,0,NULL,0,NULL,0,NULL,NULL,NULL,NULL,NULL,NULL,0,0,NULL,NULL,NULL,NULL,NULL,NULL,0,0,0,0,0,NULL,0,NULL,0,NULL,NULL),(309,'e55907f68e4f4d6b4efe7d49a16278a441ae4ef3',54,NULL,0,NULL,0,NULL,0,NULL,0,NULL,0,NULL,0,NULL,0,NULL,NULL,NULL,NULL,NULL,NULL,0,0,NULL,NULL,NULL,NULL,NULL,NULL,0,0,0,0,0,NULL,0,NULL,0,NULL,NULL),(310,'e55907f68e4f4d6b4efe7d49a16278a441ae4ef3',55,NULL,0,NULL,0,NULL,0,NULL,0,NULL,0,NULL,0,NULL,0,NULL,NULL,NULL,NULL,NULL,NULL,0,0,NULL,NULL,NULL,NULL,NULL,NULL,0,0,0,0,0,NULL,0,NULL,0,NULL,NULL),(311,'e55907f68e4f4d6b4efe7d49a16278a441ae4ef3',56,NULL,0,NULL,0,NULL,0,NULL,0,NULL,0,NULL,0,NULL,0,NULL,NULL,NULL,NULL,NULL,NULL,0,0,NULL,NULL,NULL,NULL,NULL,NULL,0,0,0,0,0,NULL,0,NULL,0,NULL,NULL),(312,'e55907f68e4f4d6b4efe7d49a16278a441ae4ef3',57,NULL,0,NULL,0,NULL,0,NULL,0,NULL,0,NULL,0,NULL,0,NULL,NULL,NULL,NULL,NULL,NULL,0,0,NULL,NULL,NULL,NULL,NULL,NULL,0,0,0,0,0,NULL,0,NULL,0,NULL,NULL),(313,'e55907f68e4f4d6b4efe7d49a16278a441ae4ef3',58,NULL,0,NULL,0,NULL,0,NULL,0,NULL,0,NULL,0,NULL,0,NULL,NULL,NULL,NULL,NULL,NULL,0,0,NULL,NULL,NULL,NULL,NULL,NULL,0,0,0,0,0,NULL,0,NULL,0,NULL,NULL),(314,'e55907f68e4f4d6b4efe7d49a16278a441ae4ef3',59,NULL,0,NULL,0,NULL,0,NULL,0,NULL,0,NULL,0,NULL,0,NULL,NULL,NULL,NULL,NULL,NULL,0,0,NULL,NULL,NULL,NULL,NULL,NULL,0,0,0,0,0,NULL,0,NULL,0,NULL,NULL),(315,'e55907f68e4f4d6b4efe7d49a16278a441ae4ef3',60,NULL,0,NULL,0,NULL,0,NULL,0,NULL,0,NULL,0,NULL,0,NULL,NULL,NULL,NULL,NULL,NULL,0,0,NULL,NULL,NULL,NULL,NULL,NULL,0,0,0,0,0,NULL,0,NULL,0,NULL,NULL),(316,'e55907f68e4f4d6b4efe7d49a16278a441ae4ef3',61,NULL,0,NULL,0,NULL,0,NULL,0,NULL,0,NULL,0,NULL,0,NULL,NULL,NULL,NULL,NULL,NULL,0,0,NULL,NULL,NULL,NULL,NULL,NULL,0,0,0,0,0,NULL,0,NULL,0,NULL,NULL),(317,'e55907f68e4f4d6b4efe7d49a16278a441ae4ef3',62,NULL,0,NULL,0,NULL,0,NULL,0,NULL,0,NULL,0,NULL,0,NULL,NULL,NULL,NULL,NULL,NULL,0,0,NULL,NULL,NULL,NULL,NULL,NULL,0,0,0,0,0,NULL,0,NULL,0,NULL,NULL),(318,'e55907f68e4f4d6b4efe7d49a16278a441ae4ef3',63,NULL,0,NULL,0,NULL,0,NULL,0,NULL,0,NULL,0,NULL,0,NULL,NULL,NULL,NULL,NULL,NULL,0,0,NULL,NULL,NULL,NULL,NULL,NULL,0,0,0,0,0,NULL,0,NULL,0,NULL,NULL),(319,'e55907f68e4f4d6b4efe7d49a16278a441ae4ef3',64,NULL,0,NULL,0,NULL,0,NULL,0,NULL,0,NULL,0,NULL,0,NULL,NULL,NULL,NULL,NULL,NULL,0,0,NULL,NULL,NULL,NULL,NULL,NULL,0,0,0,0,0,NULL,0,NULL,0,NULL,NULL),(320,'e55907f68e4f4d6b4efe7d49a16278a441ae4ef3',65,NULL,0,NULL,0,NULL,0,NULL,0,NULL,0,NULL,0,NULL,0,NULL,NULL,NULL,NULL,NULL,NULL,0,0,NULL,NULL,NULL,NULL,NULL,NULL,0,0,0,0,0,NULL,0,NULL,0,NULL,NULL),(321,'e55907f68e4f4d6b4efe7d49a16278a441ae4ef3',66,NULL,0,NULL,0,NULL,0,NULL,0,NULL,0,NULL,0,NULL,0,NULL,NULL,NULL,NULL,NULL,NULL,0,0,NULL,NULL,NULL,NULL,NULL,NULL,0,0,0,0,0,NULL,0,NULL,0,NULL,NULL),(322,'e55907f68e4f4d6b4efe7d49a16278a441ae4ef3',67,NULL,0,NULL,0,NULL,0,NULL,0,NULL,0,NULL,0,NULL,0,NULL,NULL,NULL,NULL,NULL,NULL,0,0,NULL,NULL,NULL,NULL,NULL,NULL,0,0,0,0,0,NULL,0,NULL,0,NULL,NULL),(323,'e55907f68e4f4d6b4efe7d49a16278a441ae4ef3',68,NULL,0,NULL,0,NULL,0,NULL,0,NULL,0,NULL,0,NULL,0,NULL,NULL,NULL,NULL,NULL,NULL,0,0,NULL,NULL,NULL,NULL,NULL,NULL,0,0,0,0,0,NULL,0,NULL,0,NULL,NULL),(324,'e55907f68e4f4d6b4efe7d49a16278a441ae4ef3',69,NULL,0,NULL,0,NULL,0,NULL,0,NULL,0,NULL,0,NULL,0,NULL,NULL,NULL,NULL,NULL,NULL,0,0,NULL,NULL,NULL,NULL,NULL,NULL,0,0,0,0,0,NULL,0,NULL,0,NULL,NULL),(325,'e55907f68e4f4d6b4efe7d49a16278a441ae4ef3',70,NULL,0,NULL,0,NULL,0,NULL,0,NULL,0,NULL,0,NULL,0,NULL,NULL,NULL,NULL,NULL,NULL,0,0,NULL,NULL,NULL,NULL,NULL,NULL,0,0,0,0,0,NULL,0,NULL,0,NULL,NULL),(326,'e55907f68e4f4d6b4efe7d49a16278a441ae4ef3',71,NULL,0,NULL,0,NULL,0,NULL,0,NULL,0,NULL,0,NULL,0,NULL,NULL,NULL,NULL,NULL,NULL,0,0,NULL,NULL,NULL,NULL,NULL,NULL,0,0,0,0,0,NULL,0,NULL,0,NULL,NULL),(327,'e55907f68e4f4d6b4efe7d49a16278a441ae4ef3',72,NULL,0,NULL,0,NULL,0,NULL,0,NULL,0,NULL,0,NULL,0,NULL,NULL,NULL,NULL,NULL,NULL,0,0,NULL,NULL,NULL,NULL,NULL,NULL,0,0,0,0,0,NULL,0,NULL,0,NULL,NULL),(328,'e55907f68e4f4d6b4efe7d49a16278a441ae4ef3',73,NULL,0,NULL,0,NULL,0,NULL,0,NULL,0,NULL,0,NULL,0,NULL,NULL,NULL,NULL,NULL,NULL,0,0,NULL,NULL,NULL,NULL,NULL,NULL,0,0,0,0,0,NULL,0,NULL,0,NULL,NULL),(329,'e55907f68e4f4d6b4efe7d49a16278a441ae4ef3',74,NULL,0,NULL,0,NULL,0,NULL,0,NULL,0,NULL,0,NULL,0,NULL,NULL,NULL,NULL,NULL,NULL,0,0,NULL,NULL,NULL,NULL,NULL,NULL,0,0,0,0,0,NULL,0,NULL,0,NULL,NULL),(330,'e55907f68e4f4d6b4efe7d49a16278a441ae4ef3',75,NULL,0,NULL,0,NULL,0,NULL,0,NULL,0,NULL,0,NULL,0,NULL,NULL,NULL,NULL,NULL,NULL,0,0,NULL,NULL,NULL,NULL,NULL,NULL,0,0,0,0,0,NULL,0,NULL,0,NULL,NULL),(331,'e55907f68e4f4d6b4efe7d49a16278a441ae4ef3',76,NULL,0,NULL,0,NULL,0,NULL,0,NULL,0,NULL,0,NULL,0,NULL,NULL,NULL,NULL,NULL,NULL,0,0,NULL,NULL,NULL,NULL,NULL,NULL,0,0,0,0,0,NULL,0,NULL,0,NULL,NULL),(332,'e55907f68e4f4d6b4efe7d49a16278a441ae4ef3',77,NULL,0,NULL,0,NULL,0,NULL,0,NULL,0,NULL,0,NULL,0,NULL,NULL,NULL,NULL,NULL,NULL,0,0,NULL,NULL,NULL,NULL,NULL,NULL,0,0,0,0,0,NULL,0,NULL,0,NULL,NULL),(333,'e55907f68e4f4d6b4efe7d49a16278a441ae4ef3',78,NULL,0,NULL,0,NULL,0,NULL,0,NULL,0,NULL,0,NULL,0,NULL,NULL,NULL,NULL,NULL,NULL,0,0,NULL,NULL,NULL,NULL,NULL,NULL,0,0,0,0,0,NULL,0,NULL,0,NULL,NULL),(334,'e55907f68e4f4d6b4efe7d49a16278a441ae4ef3',79,NULL,0,NULL,0,NULL,0,NULL,0,NULL,0,NULL,0,NULL,0,NULL,NULL,NULL,NULL,NULL,NULL,0,0,NULL,NULL,NULL,NULL,NULL,NULL,0,0,0,0,0,NULL,0,NULL,0,NULL,NULL),(335,'e55907f68e4f4d6b4efe7d49a16278a441ae4ef3',80,NULL,0,NULL,0,NULL,0,NULL,0,NULL,0,NULL,0,NULL,0,NULL,NULL,NULL,NULL,NULL,NULL,0,0,NULL,NULL,NULL,NULL,NULL,NULL,0,0,0,0,0,NULL,0,NULL,0,NULL,NULL),(336,'e55907f68e4f4d6b4efe7d49a16278a441ae4ef3',81,NULL,0,NULL,0,NULL,0,NULL,0,NULL,0,NULL,0,NULL,0,NULL,NULL,NULL,NULL,NULL,NULL,0,0,NULL,NULL,NULL,NULL,NULL,NULL,0,0,0,0,0,NULL,0,NULL,0,NULL,NULL),(337,'e55907f68e4f4d6b4efe7d49a16278a441ae4ef3',82,NULL,0,NULL,0,NULL,0,NULL,0,NULL,0,NULL,0,NULL,0,NULL,NULL,NULL,NULL,NULL,NULL,0,0,NULL,NULL,NULL,NULL,NULL,NULL,0,0,0,0,0,NULL,0,NULL,0,NULL,NULL),(338,'e55907f68e4f4d6b4efe7d49a16278a441ae4ef3',83,NULL,0,NULL,0,NULL,0,NULL,0,NULL,0,NULL,0,NULL,0,NULL,NULL,NULL,NULL,NULL,NULL,0,0,NULL,NULL,NULL,NULL,NULL,NULL,0,0,0,0,0,NULL,0,NULL,0,NULL,NULL),(339,'e55907f68e4f4d6b4efe7d49a16278a441ae4ef3',84,NULL,0,NULL,0,NULL,0,NULL,0,NULL,0,NULL,0,NULL,0,NULL,NULL,NULL,NULL,NULL,NULL,0,0,NULL,NULL,NULL,NULL,NULL,NULL,0,0,0,0,0,NULL,0,NULL,0,NULL,NULL),(340,'e55907f68e4f4d6b4efe7d49a16278a441ae4ef3',85,NULL,0,NULL,0,NULL,0,NULL,0,NULL,0,NULL,0,NULL,0,NULL,NULL,NULL,NULL,NULL,NULL,0,0,NULL,NULL,NULL,NULL,NULL,NULL,0,0,0,0,0,NULL,0,NULL,0,NULL,NULL),(341,'e55907f68e4f4d6b4efe7d49a16278a441ae4ef3',86,NULL,0,NULL,0,NULL,0,NULL,0,NULL,0,NULL,0,NULL,0,NULL,NULL,NULL,NULL,NULL,NULL,0,0,NULL,NULL,NULL,NULL,NULL,NULL,0,0,0,0,0,NULL,0,NULL,0,NULL,NULL),(342,'e55907f68e4f4d6b4efe7d49a16278a441ae4ef3',87,NULL,0,NULL,0,NULL,0,NULL,0,NULL,0,NULL,0,NULL,0,NULL,NULL,NULL,NULL,NULL,NULL,0,0,NULL,NULL,NULL,NULL,NULL,NULL,0,0,0,0,0,NULL,0,NULL,0,NULL,NULL),(343,'e55907f68e4f4d6b4efe7d49a16278a441ae4ef3',88,NULL,0,NULL,0,NULL,0,NULL,0,NULL,0,NULL,0,NULL,0,NULL,NULL,NULL,NULL,NULL,NULL,0,0,NULL,NULL,NULL,NULL,NULL,NULL,0,0,0,0,0,NULL,0,NULL,0,NULL,NULL),(344,'e55907f68e4f4d6b4efe7d49a16278a441ae4ef3',89,NULL,0,NULL,0,NULL,0,NULL,0,NULL,0,NULL,0,NULL,0,NULL,NULL,NULL,NULL,NULL,NULL,0,0,NULL,NULL,NULL,NULL,NULL,NULL,0,0,0,0,0,NULL,0,NULL,0,NULL,NULL),(345,'e55907f68e4f4d6b4efe7d49a16278a441ae4ef3',90,NULL,0,NULL,0,NULL,0,NULL,0,NULL,0,NULL,0,NULL,0,NULL,NULL,NULL,NULL,NULL,NULL,0,0,NULL,NULL,NULL,NULL,NULL,NULL,0,0,0,0,0,NULL,0,NULL,0,NULL,NULL),(346,'e55907f68e4f4d6b4efe7d49a16278a441ae4ef3',91,NULL,0,NULL,0,NULL,0,NULL,0,NULL,0,NULL,0,NULL,0,NULL,NULL,NULL,NULL,NULL,NULL,0,0,NULL,NULL,NULL,NULL,NULL,NULL,0,0,0,0,0,NULL,0,NULL,0,NULL,NULL),(347,'e55907f68e4f4d6b4efe7d49a16278a441ae4ef3',92,NULL,0,NULL,0,NULL,0,NULL,0,NULL,0,NULL,0,NULL,0,NULL,NULL,NULL,NULL,NULL,NULL,0,0,NULL,NULL,NULL,NULL,NULL,NULL,0,0,0,0,0,NULL,0,NULL,0,NULL,NULL),(348,'e55907f68e4f4d6b4efe7d49a16278a441ae4ef3',93,NULL,0,NULL,0,NULL,0,NULL,0,NULL,0,NULL,0,NULL,0,NULL,NULL,NULL,NULL,NULL,NULL,0,0,NULL,NULL,NULL,NULL,NULL,NULL,0,0,0,0,0,NULL,0,NULL,0,NULL,NULL),(349,'e55907f68e4f4d6b4efe7d49a16278a441ae4ef3',94,NULL,0,NULL,0,NULL,0,NULL,0,NULL,0,NULL,0,NULL,0,NULL,NULL,NULL,NULL,NULL,NULL,0,0,NULL,NULL,NULL,NULL,NULL,NULL,0,0,0,0,0,NULL,0,NULL,0,NULL,NULL),(350,'e55907f68e4f4d6b4efe7d49a16278a441ae4ef3',95,NULL,0,NULL,0,NULL,0,NULL,0,NULL,0,NULL,0,NULL,0,NULL,NULL,NULL,NULL,NULL,NULL,0,0,NULL,NULL,NULL,NULL,NULL,NULL,0,0,0,0,0,NULL,0,NULL,0,NULL,NULL),(351,'e55907f68e4f4d6b4efe7d49a16278a441ae4ef3',96,NULL,0,NULL,0,NULL,0,NULL,0,NULL,0,NULL,0,NULL,0,NULL,NULL,NULL,NULL,NULL,NULL,0,0,NULL,NULL,NULL,NULL,NULL,NULL,0,0,0,0,0,NULL,0,NULL,0,NULL,NULL),(352,'e55907f68e4f4d6b4efe7d49a16278a441ae4ef3',97,NULL,0,NULL,0,NULL,0,NULL,0,NULL,0,NULL,0,NULL,0,NULL,NULL,NULL,NULL,NULL,NULL,0,0,NULL,NULL,NULL,NULL,NULL,NULL,0,0,0,0,0,NULL,0,NULL,0,NULL,NULL),(353,'e55907f68e4f4d6b4efe7d49a16278a441ae4ef3',98,NULL,0,NULL,0,NULL,0,NULL,0,NULL,0,NULL,0,NULL,0,NULL,NULL,NULL,NULL,NULL,NULL,0,0,NULL,NULL,NULL,NULL,NULL,NULL,0,0,0,0,0,NULL,0,NULL,0,NULL,NULL),(354,'e55907f68e4f4d6b4efe7d49a16278a441ae4ef3',99,NULL,0,NULL,0,NULL,0,NULL,0,NULL,0,NULL,0,NULL,0,NULL,NULL,NULL,NULL,NULL,NULL,0,0,NULL,NULL,NULL,NULL,NULL,NULL,0,0,0,0,0,NULL,0,NULL,0,NULL,NULL),(355,'e55907f68e4f4d6b4efe7d49a16278a441ae4ef3',100,NULL,0,NULL,0,NULL,0,NULL,0,NULL,0,NULL,0,NULL,0,NULL,NULL,NULL,NULL,NULL,NULL,0,0,NULL,NULL,NULL,NULL,NULL,NULL,0,0,0,0,0,NULL,0,NULL,0,NULL,NULL),(356,'e55907f68e4f4d6b4efe7d49a16278a441ae4ef3',101,NULL,0,NULL,0,NULL,0,NULL,0,NULL,0,NULL,0,NULL,0,NULL,NULL,NULL,NULL,NULL,NULL,0,0,NULL,NULL,NULL,NULL,NULL,NULL,0,0,0,0,0,NULL,0,NULL,0,NULL,NULL),(357,'e55907f68e4f4d6b4efe7d49a16278a441ae4ef3',102,NULL,0,NULL,0,NULL,0,NULL,0,NULL,0,NULL,0,NULL,0,NULL,NULL,NULL,NULL,NULL,NULL,0,0,NULL,NULL,NULL,NULL,NULL,NULL,0,0,0,0,0,NULL,0,NULL,0,NULL,NULL),(358,'e55907f68e4f4d6b4efe7d49a16278a441ae4ef3',103,NULL,0,NULL,0,NULL,0,NULL,0,NULL,0,NULL,0,NULL,0,NULL,NULL,NULL,NULL,NULL,NULL,0,0,NULL,NULL,NULL,NULL,NULL,NULL,0,0,0,0,0,NULL,0,NULL,0,NULL,NULL),(359,'e55907f68e4f4d6b4efe7d49a16278a441ae4ef3',104,NULL,0,NULL,0,NULL,0,NULL,0,NULL,0,NULL,0,NULL,0,NULL,NULL,NULL,NULL,NULL,NULL,0,0,NULL,NULL,NULL,NULL,NULL,NULL,0,0,0,0,0,NULL,0,NULL,0,NULL,NULL),(360,'e55907f68e4f4d6b4efe7d49a16278a441ae4ef3',105,NULL,0,NULL,0,NULL,0,NULL,0,NULL,0,NULL,0,NULL,0,NULL,NULL,NULL,NULL,NULL,NULL,0,0,NULL,NULL,NULL,NULL,NULL,NULL,0,0,0,0,0,NULL,0,NULL,0,NULL,NULL),(361,'e55907f68e4f4d6b4efe7d49a16278a441ae4ef3',106,NULL,0,NULL,0,NULL,0,NULL,0,NULL,0,NULL,0,NULL,0,NULL,NULL,NULL,NULL,NULL,NULL,0,0,NULL,NULL,NULL,NULL,NULL,NULL,0,0,0,0,0,NULL,0,NULL,0,NULL,NULL),(362,'e55907f68e4f4d6b4efe7d49a16278a441ae4ef3',107,NULL,0,NULL,0,NULL,0,NULL,0,NULL,0,NULL,0,NULL,0,NULL,NULL,NULL,NULL,NULL,NULL,0,0,NULL,NULL,NULL,NULL,NULL,NULL,0,0,0,0,0,NULL,0,NULL,0,NULL,NULL),(363,'e55907f68e4f4d6b4efe7d49a16278a441ae4ef3',108,NULL,0,NULL,0,NULL,0,NULL,0,NULL,0,NULL,0,NULL,0,NULL,NULL,NULL,NULL,NULL,NULL,0,0,NULL,NULL,NULL,NULL,NULL,NULL,0,0,0,0,0,NULL,0,NULL,0,NULL,NULL),(364,'e55907f68e4f4d6b4efe7d49a16278a441ae4ef3',109,NULL,0,NULL,0,NULL,0,NULL,0,NULL,0,NULL,0,NULL,0,NULL,NULL,NULL,NULL,NULL,NULL,0,0,NULL,NULL,NULL,NULL,NULL,NULL,0,0,0,0,0,NULL,0,NULL,0,NULL,NULL),(365,'e55907f68e4f4d6b4efe7d49a16278a441ae4ef3',110,NULL,0,NULL,0,NULL,0,NULL,0,NULL,0,NULL,0,NULL,0,NULL,NULL,NULL,NULL,NULL,NULL,0,0,NULL,NULL,NULL,NULL,NULL,NULL,0,0,0,0,0,NULL,0,NULL,0,NULL,NULL),(366,'e55907f68e4f4d6b4efe7d49a16278a441ae4ef3',111,NULL,0,NULL,0,NULL,0,NULL,0,NULL,0,NULL,0,NULL,0,NULL,NULL,NULL,NULL,NULL,NULL,0,0,NULL,NULL,NULL,NULL,NULL,NULL,0,0,0,0,0,NULL,0,NULL,0,NULL,NULL),(367,'e55907f68e4f4d6b4efe7d49a16278a441ae4ef3',112,NULL,0,NULL,0,NULL,0,NULL,0,NULL,0,NULL,0,NULL,0,NULL,NULL,NULL,NULL,NULL,NULL,0,0,NULL,NULL,NULL,NULL,NULL,NULL,0,0,0,0,0,NULL,0,NULL,0,NULL,NULL),(368,'e55907f68e4f4d6b4efe7d49a16278a441ae4ef3',113,NULL,0,NULL,0,NULL,0,NULL,0,NULL,0,NULL,0,NULL,0,NULL,NULL,NULL,NULL,NULL,NULL,0,0,NULL,NULL,NULL,NULL,NULL,NULL,0,0,0,0,0,NULL,0,NULL,0,NULL,NULL),(369,'e55907f68e4f4d6b4efe7d49a16278a441ae4ef3',114,NULL,0,NULL,0,NULL,0,NULL,0,NULL,0,NULL,0,NULL,0,NULL,NULL,NULL,NULL,NULL,NULL,0,0,NULL,NULL,NULL,NULL,NULL,NULL,0,0,0,0,0,NULL,0,NULL,0,NULL,NULL),(370,'e55907f68e4f4d6b4efe7d49a16278a441ae4ef3',115,NULL,0,NULL,0,NULL,0,NULL,0,NULL,0,NULL,0,NULL,0,NULL,NULL,NULL,NULL,NULL,NULL,0,0,NULL,NULL,NULL,NULL,NULL,NULL,0,0,0,0,0,NULL,0,NULL,0,NULL,NULL),(371,'e55907f68e4f4d6b4efe7d49a16278a441ae4ef3',116,NULL,0,NULL,0,NULL,0,NULL,0,NULL,0,NULL,0,NULL,0,NULL,NULL,NULL,NULL,NULL,NULL,0,0,NULL,NULL,NULL,NULL,NULL,NULL,0,0,0,0,0,NULL,0,NULL,0,NULL,NULL),(372,'e55907f68e4f4d6b4efe7d49a16278a441ae4ef3',117,NULL,0,NULL,0,NULL,0,NULL,0,NULL,0,NULL,0,NULL,0,NULL,NULL,NULL,NULL,NULL,NULL,0,0,NULL,NULL,NULL,NULL,NULL,NULL,0,0,0,0,0,NULL,0,NULL,0,NULL,NULL),(373,'e55907f68e4f4d6b4efe7d49a16278a441ae4ef3',118,NULL,0,NULL,0,NULL,0,NULL,0,NULL,0,NULL,0,NULL,0,NULL,NULL,NULL,NULL,NULL,NULL,0,0,NULL,NULL,NULL,NULL,NULL,NULL,0,0,0,0,0,NULL,0,NULL,0,NULL,NULL),(374,'e55907f68e4f4d6b4efe7d49a16278a441ae4ef3',119,NULL,0,NULL,0,NULL,0,NULL,0,NULL,0,NULL,0,NULL,0,NULL,NULL,NULL,NULL,NULL,NULL,0,0,NULL,NULL,NULL,NULL,NULL,NULL,0,0,0,0,0,NULL,0,NULL,0,NULL,NULL),(375,'e55907f68e4f4d6b4efe7d49a16278a441ae4ef3',120,NULL,0,NULL,0,NULL,0,NULL,0,NULL,0,NULL,0,NULL,0,NULL,NULL,NULL,NULL,NULL,NULL,0,0,NULL,NULL,NULL,NULL,NULL,NULL,0,0,0,0,0,NULL,0,NULL,0,NULL,NULL),(376,'e55907f68e4f4d6b4efe7d49a16278a441ae4ef3',121,NULL,0,NULL,0,NULL,0,NULL,0,NULL,0,NULL,0,NULL,0,NULL,NULL,NULL,NULL,NULL,NULL,0,0,NULL,NULL,NULL,NULL,NULL,NULL,0,0,0,0,0,NULL,0,NULL,0,NULL,NULL),(377,'e55907f68e4f4d6b4efe7d49a16278a441ae4ef3',122,NULL,0,NULL,0,NULL,0,NULL,0,NULL,0,NULL,0,NULL,0,NULL,NULL,NULL,NULL,NULL,NULL,0,0,NULL,NULL,NULL,NULL,NULL,NULL,0,0,0,0,0,NULL,0,NULL,0,NULL,NULL),(378,'e55907f68e4f4d6b4efe7d49a16278a441ae4ef3',123,NULL,0,NULL,0,NULL,0,NULL,0,NULL,0,NULL,0,NULL,0,NULL,NULL,NULL,NULL,NULL,NULL,0,0,NULL,NULL,NULL,NULL,NULL,NULL,0,0,0,0,0,NULL,0,NULL,0,NULL,NULL),(379,'e55907f68e4f4d6b4efe7d49a16278a441ae4ef3',124,NULL,0,NULL,0,NULL,0,NULL,0,NULL,0,NULL,0,NULL,0,NULL,NULL,NULL,NULL,NULL,NULL,0,0,NULL,NULL,NULL,NULL,NULL,NULL,0,0,0,0,0,NULL,0,NULL,0,NULL,NULL),(380,'e55907f68e4f4d6b4efe7d49a16278a441ae4ef3',125,NULL,0,NULL,0,NULL,0,NULL,0,NULL,0,NULL,0,NULL,0,NULL,NULL,NULL,NULL,NULL,NULL,0,0,NULL,NULL,NULL,NULL,NULL,NULL,0,0,0,0,0,NULL,0,NULL,0,NULL,NULL),(381,'e55907f68e4f4d6b4efe7d49a16278a441ae4ef3',126,NULL,0,NULL,0,NULL,0,NULL,0,NULL,0,NULL,0,NULL,0,NULL,NULL,NULL,NULL,NULL,NULL,0,0,NULL,NULL,NULL,NULL,NULL,NULL,0,0,0,0,0,NULL,0,NULL,0,NULL,NULL),(382,'e55907f68e4f4d6b4efe7d49a16278a441ae4ef3',127,NULL,0,NULL,0,NULL,0,NULL,0,NULL,0,NULL,0,NULL,0,NULL,NULL,NULL,NULL,NULL,NULL,0,0,NULL,NULL,NULL,NULL,NULL,NULL,0,0,0,0,0,NULL,0,NULL,0,NULL,NULL),(383,'e55907f68e4f4d6b4efe7d49a16278a441ae4ef3',128,NULL,0,NULL,0,NULL,0,NULL,0,NULL,0,NULL,0,NULL,0,NULL,NULL,NULL,NULL,NULL,NULL,0,0,NULL,NULL,NULL,NULL,NULL,NULL,0,0,0,0,0,NULL,0,NULL,0,NULL,NULL),(384,'e55907f68e4f4d6b4efe7d49a16278a441ae4ef3',129,NULL,0,NULL,0,NULL,0,NULL,0,NULL,0,NULL,0,NULL,0,NULL,NULL,NULL,NULL,NULL,NULL,0,0,NULL,NULL,NULL,NULL,NULL,NULL,0,0,0,0,0,NULL,0,NULL,0,NULL,NULL),(385,'e55907f68e4f4d6b4efe7d49a16278a441ae4ef3',130,NULL,0,NULL,0,NULL,0,NULL,0,NULL,0,NULL,0,NULL,0,NULL,NULL,NULL,NULL,NULL,NULL,0,0,NULL,NULL,NULL,NULL,NULL,NULL,0,0,0,0,0,NULL,0,NULL,0,NULL,NULL),(386,'e55907f68e4f4d6b4efe7d49a16278a441ae4ef3',131,NULL,0,NULL,0,NULL,0,NULL,0,NULL,0,NULL,0,NULL,0,NULL,NULL,NULL,NULL,NULL,NULL,0,0,NULL,NULL,NULL,NULL,NULL,NULL,0,0,0,0,0,NULL,0,NULL,0,NULL,NULL),(387,'e55907f68e4f4d6b4efe7d49a16278a441ae4ef3',132,NULL,0,NULL,0,NULL,0,NULL,0,NULL,0,NULL,0,NULL,0,NULL,NULL,NULL,NULL,NULL,NULL,0,0,NULL,NULL,NULL,NULL,NULL,NULL,0,0,0,0,0,NULL,0,NULL,0,NULL,NULL),(388,'e55907f68e4f4d6b4efe7d49a16278a441ae4ef3',133,NULL,0,NULL,0,NULL,0,NULL,0,NULL,0,NULL,0,NULL,0,NULL,NULL,NULL,NULL,NULL,NULL,0,0,NULL,NULL,NULL,NULL,NULL,NULL,0,0,0,0,0,NULL,0,NULL,0,NULL,NULL),(389,'e55907f68e4f4d6b4efe7d49a16278a441ae4ef3',134,NULL,0,NULL,0,NULL,0,NULL,0,NULL,0,NULL,0,NULL,0,NULL,NULL,NULL,NULL,NULL,NULL,0,0,NULL,NULL,NULL,NULL,NULL,NULL,0,0,0,0,0,NULL,0,NULL,0,NULL,NULL),(390,'e55907f68e4f4d6b4efe7d49a16278a441ae4ef3',135,NULL,0,NULL,0,NULL,0,NULL,0,NULL,0,NULL,0,NULL,0,NULL,NULL,NULL,NULL,NULL,NULL,0,0,NULL,NULL,NULL,NULL,NULL,NULL,0,0,0,0,0,NULL,0,NULL,0,NULL,NULL),(391,'e55907f68e4f4d6b4efe7d49a16278a441ae4ef3',136,NULL,0,NULL,0,NULL,0,NULL,0,NULL,0,NULL,0,NULL,0,NULL,NULL,NULL,NULL,NULL,NULL,0,0,NULL,NULL,NULL,NULL,NULL,NULL,0,0,0,0,0,NULL,0,NULL,0,NULL,NULL),(392,'e55907f68e4f4d6b4efe7d49a16278a441ae4ef3',137,NULL,0,NULL,0,NULL,0,NULL,0,NULL,0,NULL,0,NULL,0,NULL,NULL,NULL,NULL,NULL,NULL,0,0,NULL,NULL,NULL,NULL,NULL,NULL,0,0,0,0,0,NULL,0,NULL,0,NULL,NULL),(393,'e55907f68e4f4d6b4efe7d49a16278a441ae4ef3',138,NULL,0,NULL,0,NULL,0,NULL,0,NULL,0,NULL,0,NULL,0,NULL,NULL,NULL,NULL,NULL,NULL,0,0,NULL,NULL,NULL,NULL,NULL,NULL,0,0,0,0,0,NULL,0,NULL,0,NULL,NULL),(394,'e55907f68e4f4d6b4efe7d49a16278a441ae4ef3',139,NULL,0,NULL,0,NULL,0,NULL,0,NULL,0,NULL,0,NULL,0,NULL,NULL,NULL,NULL,NULL,NULL,0,0,NULL,NULL,NULL,NULL,NULL,NULL,0,0,0,0,0,NULL,0,NULL,0,NULL,NULL),(395,'e55907f68e4f4d6b4efe7d49a16278a441ae4ef3',140,NULL,0,NULL,0,NULL,0,NULL,0,NULL,0,NULL,0,NULL,0,NULL,NULL,NULL,NULL,NULL,NULL,0,0,NULL,NULL,NULL,NULL,NULL,NULL,0,0,0,0,0,NULL,0,NULL,0,NULL,NULL),(396,'e55907f68e4f4d6b4efe7d49a16278a441ae4ef3',141,NULL,0,NULL,0,NULL,0,NULL,0,NULL,0,NULL,0,NULL,0,NULL,NULL,NULL,NULL,NULL,NULL,0,0,NULL,NULL,NULL,NULL,NULL,NULL,0,0,0,0,0,NULL,0,NULL,0,NULL,NULL),(397,'e55907f68e4f4d6b4efe7d49a16278a441ae4ef3',142,NULL,0,NULL,0,NULL,0,NULL,0,NULL,0,NULL,0,NULL,0,NULL,NULL,NULL,NULL,NULL,NULL,0,0,NULL,NULL,NULL,NULL,NULL,NULL,0,0,0,0,0,NULL,0,NULL,0,NULL,NULL),(398,'e55907f68e4f4d6b4efe7d49a16278a441ae4ef3',143,NULL,0,NULL,0,NULL,0,NULL,0,NULL,0,NULL,0,NULL,0,NULL,NULL,NULL,NULL,NULL,NULL,0,0,NULL,NULL,NULL,NULL,NULL,NULL,0,0,0,0,0,NULL,0,NULL,0,NULL,NULL),(399,'e55907f68e4f4d6b4efe7d49a16278a441ae4ef3',144,NULL,0,NULL,0,NULL,0,NULL,0,NULL,0,NULL,0,NULL,0,NULL,NULL,NULL,NULL,NULL,NULL,0,0,NULL,NULL,NULL,NULL,NULL,NULL,0,0,0,0,0,NULL,0,NULL,0,NULL,NULL),(400,'e55907f68e4f4d6b4efe7d49a16278a441ae4ef3',145,NULL,0,NULL,0,NULL,0,NULL,0,NULL,0,NULL,0,NULL,0,NULL,NULL,NULL,NULL,NULL,NULL,0,0,NULL,NULL,NULL,NULL,NULL,NULL,0,0,0,0,0,NULL,0,NULL,0,NULL,NULL),(401,'e55907f68e4f4d6b4efe7d49a16278a441ae4ef3',146,NULL,0,NULL,0,NULL,0,NULL,0,NULL,0,NULL,0,NULL,0,NULL,NULL,NULL,NULL,NULL,NULL,0,0,NULL,NULL,NULL,NULL,NULL,NULL,0,0,0,0,0,NULL,0,NULL,0,NULL,NULL),(402,'e55907f68e4f4d6b4efe7d49a16278a441ae4ef3',147,NULL,0,NULL,0,NULL,0,NULL,0,NULL,0,NULL,0,NULL,0,NULL,NULL,NULL,NULL,NULL,NULL,0,0,NULL,NULL,NULL,NULL,NULL,NULL,0,0,0,0,0,NULL,0,NULL,0,NULL,NULL),(403,'e55907f68e4f4d6b4efe7d49a16278a441ae4ef3',148,NULL,0,NULL,0,NULL,0,NULL,0,NULL,0,NULL,0,NULL,0,NULL,NULL,NULL,NULL,NULL,NULL,0,0,NULL,NULL,NULL,NULL,NULL,NULL,0,0,0,0,0,NULL,0,NULL,0,NULL,NULL),(404,'e55907f68e4f4d6b4efe7d49a16278a441ae4ef3',149,NULL,0,NULL,0,NULL,0,NULL,0,NULL,0,NULL,0,NULL,0,NULL,NULL,NULL,NULL,NULL,NULL,0,0,NULL,NULL,NULL,NULL,NULL,NULL,0,0,0,0,0,NULL,0,NULL,0,NULL,NULL),(405,'e55907f68e4f4d6b4efe7d49a16278a441ae4ef3',150,NULL,0,NULL,0,NULL,0,NULL,0,NULL,0,NULL,0,NULL,0,NULL,NULL,NULL,NULL,NULL,NULL,0,0,NULL,NULL,NULL,NULL,NULL,NULL,0,0,0,0,0,NULL,0,NULL,0,NULL,NULL),(406,'e55907f68e4f4d6b4efe7d49a16278a441ae4ef3',151,NULL,0,NULL,0,NULL,0,NULL,0,NULL,0,NULL,0,NULL,0,NULL,NULL,NULL,NULL,NULL,NULL,0,0,NULL,NULL,NULL,NULL,NULL,NULL,0,0,0,0,0,NULL,0,NULL,0,NULL,NULL),(407,'e55907f68e4f4d6b4efe7d49a16278a441ae4ef3',152,NULL,0,NULL,0,NULL,0,NULL,0,NULL,0,NULL,0,NULL,0,NULL,NULL,NULL,NULL,NULL,NULL,0,0,NULL,NULL,NULL,NULL,NULL,NULL,0,0,0,0,0,NULL,0,NULL,0,NULL,NULL),(408,'e55907f68e4f4d6b4efe7d49a16278a441ae4ef3',153,NULL,0,NULL,0,NULL,0,NULL,0,NULL,0,NULL,0,NULL,0,NULL,NULL,NULL,NULL,NULL,NULL,0,0,NULL,NULL,NULL,NULL,NULL,NULL,0,0,0,0,0,NULL,0,NULL,0,NULL,NULL),(409,'e55907f68e4f4d6b4efe7d49a16278a441ae4ef3',154,NULL,0,NULL,0,NULL,0,NULL,0,NULL,0,NULL,0,NULL,0,NULL,NULL,NULL,NULL,NULL,NULL,0,0,NULL,NULL,NULL,NULL,NULL,NULL,0,0,0,0,0,NULL,0,NULL,0,NULL,NULL),(410,'e55907f68e4f4d6b4efe7d49a16278a441ae4ef3',155,NULL,0,NULL,0,NULL,0,NULL,0,NULL,0,NULL,0,NULL,0,NULL,NULL,NULL,NULL,NULL,NULL,0,0,NULL,NULL,NULL,NULL,NULL,NULL,0,0,0,0,0,NULL,0,NULL,0,NULL,NULL),(411,'e55907f68e4f4d6b4efe7d49a16278a441ae4ef3',156,NULL,0,NULL,0,NULL,0,NULL,0,NULL,0,NULL,0,NULL,0,NULL,NULL,NULL,NULL,NULL,NULL,0,0,NULL,NULL,NULL,NULL,NULL,NULL,0,0,0,0,0,NULL,0,NULL,0,NULL,NULL),(412,'e55907f68e4f4d6b4efe7d49a16278a441ae4ef3',157,NULL,0,NULL,0,NULL,0,NULL,0,NULL,0,NULL,0,NULL,0,NULL,NULL,NULL,NULL,NULL,NULL,0,0,NULL,NULL,NULL,NULL,NULL,NULL,0,0,0,0,0,NULL,0,NULL,0,NULL,NULL),(413,'e55907f68e4f4d6b4efe7d49a16278a441ae4ef3',158,NULL,0,NULL,0,NULL,0,NULL,0,NULL,0,NULL,0,NULL,0,NULL,NULL,NULL,NULL,NULL,NULL,0,0,NULL,NULL,NULL,NULL,NULL,NULL,0,0,0,0,0,NULL,0,NULL,0,NULL,NULL),(414,'e55907f68e4f4d6b4efe7d49a16278a441ae4ef3',159,NULL,0,NULL,0,NULL,0,NULL,0,NULL,0,NULL,0,NULL,0,NULL,NULL,NULL,NULL,NULL,NULL,0,0,NULL,NULL,NULL,NULL,NULL,NULL,0,0,0,0,0,NULL,0,NULL,0,NULL,NULL),(415,'e55907f68e4f4d6b4efe7d49a16278a441ae4ef3',160,NULL,0,NULL,0,NULL,0,NULL,0,NULL,0,NULL,0,NULL,0,NULL,NULL,NULL,NULL,NULL,NULL,0,0,NULL,NULL,NULL,NULL,NULL,NULL,0,0,0,0,0,NULL,0,NULL,0,NULL,NULL),(416,'e55907f68e4f4d6b4efe7d49a16278a441ae4ef3',161,NULL,0,NULL,0,NULL,0,NULL,0,NULL,0,NULL,0,NULL,0,NULL,NULL,NULL,NULL,NULL,NULL,0,0,NULL,NULL,NULL,NULL,NULL,NULL,0,0,0,0,0,NULL,0,NULL,0,NULL,NULL),(417,'e55907f68e4f4d6b4efe7d49a16278a441ae4ef3',162,NULL,0,NULL,0,NULL,0,NULL,0,NULL,0,NULL,0,NULL,0,NULL,NULL,NULL,NULL,NULL,NULL,0,0,NULL,NULL,NULL,NULL,NULL,NULL,0,0,0,0,0,NULL,0,NULL,0,NULL,NULL),(418,'e55907f68e4f4d6b4efe7d49a16278a441ae4ef3',163,NULL,0,NULL,0,NULL,0,NULL,0,NULL,0,NULL,0,NULL,0,NULL,NULL,NULL,NULL,NULL,NULL,0,0,NULL,NULL,NULL,NULL,NULL,NULL,0,0,0,0,0,NULL,0,NULL,0,NULL,NULL),(511,'c52f8d45367af6e875403ebec0542bb950dd3232',1,NULL,25,NULL,0,NULL,0,NULL,0,NULL,0,NULL,0,NULL,0,'LAIN LAIN','DIKERJAKAN','USULAN',NULL,'ARE','CICADAS',15000,36000,'YA',NULL,'35ccf4c2b240fb07d762e8442a6d02836865d2cc.jpeg',NULL,NULL,NULL,0,0,0,0,0,NULL,0,NULL,0,NULL,NULL),(512,'c52f8d45367af6e875403ebec0542bb950dd3232',2,NULL,0,NULL,0,NULL,33,NULL,0,NULL,0,NULL,32,NULL,0,NULL,NULL,NULL,NULL,NULL,'LEMBANG',0,0,NULL,NULL,'f3fef24f267bcb194c51adf3afbbc83dec410133.jpeg',NULL,NULL,NULL,0,0,0,0,0,NULL,0,NULL,0,NULL,NULL),(513,'c52f8d45367af6e875403ebec0542bb950dd3232',3,NULL,0,NULL,45,NULL,0,NULL,0,NULL,0,NULL,0,NULL,0,NULL,NULL,NULL,NULL,'AADA','CIMAHI',0,0,NULL,NULL,'357fdfb36b76195633d30a6dd4e38493aa9f476b.jpeg',NULL,NULL,NULL,0,0,0,0,0,NULL,0,NULL,0,NULL,NULL),(514,'c52f8d45367af6e875403ebec0542bb950dd3232',4,NULL,0,NULL,0,NULL,0,NULL,0,NULL,0,NULL,0,NULL,0,NULL,NULL,NULL,NULL,NULL,NULL,0,0,NULL,NULL,NULL,NULL,NULL,NULL,0,0,0,0,0,NULL,0,NULL,0,NULL,NULL),(515,'c52f8d45367af6e875403ebec0542bb950dd3232',5,NULL,0,NULL,0,NULL,0,NULL,0,NULL,0,NULL,0,NULL,0,NULL,NULL,NULL,NULL,NULL,NULL,0,0,NULL,NULL,NULL,NULL,NULL,NULL,0,0,0,0,0,NULL,0,NULL,0,NULL,NULL),(516,'c52f8d45367af6e875403ebec0542bb950dd3232',6,NULL,0,NULL,0,NULL,0,NULL,0,NULL,0,NULL,0,NULL,0,NULL,NULL,NULL,NULL,NULL,NULL,0,0,NULL,NULL,NULL,NULL,NULL,NULL,0,0,0,0,0,NULL,0,NULL,0,NULL,NULL),(517,'c52f8d45367af6e875403ebec0542bb950dd3232',7,NULL,0,NULL,0,NULL,0,NULL,0,NULL,0,NULL,0,NULL,0,NULL,NULL,NULL,NULL,NULL,NULL,0,0,NULL,NULL,NULL,NULL,NULL,NULL,0,0,0,0,0,NULL,0,NULL,0,NULL,NULL),(518,'c52f8d45367af6e875403ebec0542bb950dd3232',8,NULL,0,NULL,0,NULL,0,NULL,0,NULL,0,NULL,0,NULL,0,NULL,NULL,NULL,NULL,NULL,NULL,0,0,NULL,NULL,NULL,NULL,NULL,NULL,0,0,0,0,0,NULL,0,NULL,0,NULL,NULL),(519,'c52f8d45367af6e875403ebec0542bb950dd3232',9,NULL,0,NULL,0,NULL,0,NULL,0,NULL,0,NULL,0,NULL,0,NULL,NULL,NULL,NULL,NULL,NULL,0,0,NULL,NULL,NULL,NULL,NULL,NULL,0,0,0,0,0,NULL,0,NULL,0,NULL,NULL),(520,'c52f8d45367af6e875403ebec0542bb950dd3232',10,NULL,0,NULL,0,NULL,0,NULL,0,NULL,0,NULL,0,NULL,0,NULL,NULL,NULL,NULL,NULL,NULL,0,0,NULL,NULL,NULL,NULL,NULL,NULL,0,0,0,0,0,NULL,0,NULL,0,NULL,NULL),(521,'c52f8d45367af6e875403ebec0542bb950dd3232',11,NULL,0,NULL,0,NULL,0,NULL,0,NULL,0,NULL,0,NULL,0,NULL,NULL,NULL,NULL,NULL,NULL,0,0,NULL,NULL,NULL,NULL,NULL,NULL,0,0,0,0,0,NULL,0,NULL,0,NULL,NULL),(522,'c52f8d45367af6e875403ebec0542bb950dd3232',12,NULL,0,NULL,0,NULL,0,NULL,0,NULL,0,NULL,0,NULL,0,NULL,NULL,NULL,NULL,NULL,NULL,0,0,NULL,NULL,NULL,NULL,NULL,NULL,0,0,0,0,0,NULL,0,NULL,0,NULL,NULL),(523,'c52f8d45367af6e875403ebec0542bb950dd3232',13,NULL,0,NULL,0,NULL,0,NULL,0,NULL,0,NULL,0,NULL,0,NULL,NULL,NULL,NULL,NULL,NULL,0,0,NULL,NULL,NULL,NULL,NULL,NULL,0,0,0,0,0,NULL,0,NULL,0,NULL,NULL),(524,'c52f8d45367af6e875403ebec0542bb950dd3232',14,NULL,0,NULL,0,NULL,0,NULL,0,NULL,0,NULL,0,NULL,0,NULL,NULL,NULL,NULL,NULL,NULL,0,0,NULL,NULL,NULL,NULL,NULL,NULL,0,0,0,0,0,NULL,0,NULL,0,NULL,NULL),(525,'c52f8d45367af6e875403ebec0542bb950dd3232',15,NULL,0,NULL,0,NULL,0,NULL,0,NULL,0,NULL,0,NULL,0,NULL,NULL,NULL,NULL,NULL,NULL,0,0,NULL,NULL,NULL,NULL,NULL,NULL,0,0,0,0,0,NULL,0,NULL,0,NULL,NULL),(526,'c52f8d45367af6e875403ebec0542bb950dd3232',16,NULL,0,NULL,0,NULL,0,NULL,0,NULL,0,NULL,0,NULL,0,NULL,NULL,NULL,NULL,NULL,NULL,0,0,NULL,NULL,NULL,NULL,NULL,NULL,0,0,0,0,0,NULL,0,NULL,0,NULL,NULL),(527,'c52f8d45367af6e875403ebec0542bb950dd3232',17,NULL,0,NULL,0,NULL,0,NULL,0,NULL,0,NULL,0,NULL,0,NULL,NULL,NULL,NULL,NULL,NULL,0,0,NULL,NULL,NULL,NULL,NULL,NULL,0,0,0,0,0,NULL,0,NULL,0,NULL,NULL),(528,'c52f8d45367af6e875403ebec0542bb950dd3232',18,NULL,0,NULL,0,NULL,0,NULL,0,NULL,0,NULL,0,NULL,0,NULL,NULL,NULL,NULL,NULL,NULL,0,0,NULL,NULL,NULL,NULL,NULL,NULL,0,0,0,0,0,NULL,0,NULL,0,NULL,NULL),(529,'c52f8d45367af6e875403ebec0542bb950dd3232',19,NULL,0,NULL,0,NULL,0,NULL,0,NULL,0,NULL,0,NULL,0,NULL,NULL,NULL,NULL,NULL,NULL,0,0,NULL,NULL,NULL,NULL,NULL,NULL,0,0,0,0,0,NULL,0,NULL,0,NULL,NULL),(530,'c52f8d45367af6e875403ebec0542bb950dd3232',20,NULL,0,NULL,0,NULL,0,NULL,0,NULL,0,NULL,0,NULL,0,NULL,NULL,NULL,NULL,NULL,NULL,0,0,NULL,NULL,NULL,NULL,NULL,NULL,0,0,0,0,0,NULL,0,NULL,0,NULL,NULL),(531,'c52f8d45367af6e875403ebec0542bb950dd3232',21,NULL,0,NULL,0,NULL,0,NULL,0,NULL,0,NULL,0,NULL,0,NULL,NULL,NULL,NULL,NULL,NULL,0,0,NULL,NULL,NULL,NULL,NULL,NULL,0,0,0,0,0,NULL,0,NULL,0,NULL,NULL),(532,'c52f8d45367af6e875403ebec0542bb950dd3232',22,NULL,0,NULL,0,NULL,0,NULL,0,NULL,0,NULL,0,NULL,0,NULL,NULL,NULL,NULL,NULL,NULL,0,0,NULL,NULL,NULL,NULL,NULL,NULL,0,0,0,0,0,NULL,0,NULL,0,NULL,NULL),(533,'c52f8d45367af6e875403ebec0542bb950dd3232',23,NULL,0,NULL,0,NULL,0,NULL,0,NULL,0,NULL,0,NULL,0,NULL,NULL,NULL,NULL,NULL,NULL,0,0,NULL,NULL,NULL,NULL,NULL,NULL,0,0,0,0,0,NULL,0,NULL,0,NULL,NULL),(534,'c52f8d45367af6e875403ebec0542bb950dd3232',24,NULL,0,NULL,0,NULL,0,NULL,0,NULL,0,NULL,0,NULL,0,NULL,NULL,NULL,NULL,NULL,NULL,0,0,NULL,NULL,NULL,NULL,NULL,NULL,0,0,0,0,0,NULL,0,NULL,0,NULL,NULL),(535,'c52f8d45367af6e875403ebec0542bb950dd3232',25,NULL,0,NULL,0,NULL,0,NULL,0,NULL,0,NULL,0,NULL,0,NULL,NULL,NULL,NULL,NULL,NULL,0,0,NULL,NULL,NULL,NULL,NULL,NULL,0,0,0,0,0,NULL,0,NULL,0,NULL,NULL),(536,'c52f8d45367af6e875403ebec0542bb950dd3232',26,NULL,0,NULL,0,NULL,0,NULL,0,NULL,0,NULL,0,NULL,0,NULL,NULL,NULL,NULL,NULL,NULL,0,0,NULL,NULL,NULL,NULL,NULL,NULL,0,0,0,0,0,NULL,0,NULL,0,NULL,NULL),(537,'c52f8d45367af6e875403ebec0542bb950dd3232',27,NULL,0,NULL,0,NULL,0,NULL,0,NULL,0,NULL,0,NULL,0,NULL,NULL,NULL,NULL,NULL,NULL,0,0,NULL,NULL,NULL,NULL,NULL,NULL,0,0,0,0,0,NULL,0,NULL,0,NULL,NULL),(538,'c52f8d45367af6e875403ebec0542bb950dd3232',28,NULL,0,NULL,0,NULL,0,NULL,0,NULL,0,NULL,0,NULL,0,NULL,NULL,NULL,NULL,NULL,NULL,0,0,NULL,NULL,NULL,NULL,NULL,NULL,0,0,0,0,0,NULL,0,NULL,0,NULL,NULL),(539,'c52f8d45367af6e875403ebec0542bb950dd3232',29,NULL,0,NULL,0,NULL,0,NULL,0,NULL,0,NULL,0,NULL,0,NULL,NULL,NULL,NULL,NULL,NULL,0,0,NULL,NULL,NULL,NULL,NULL,NULL,0,0,0,0,0,NULL,0,NULL,0,NULL,NULL),(540,'c52f8d45367af6e875403ebec0542bb950dd3232',30,NULL,0,NULL,0,NULL,0,NULL,0,NULL,0,NULL,0,NULL,0,NULL,NULL,NULL,NULL,NULL,NULL,0,0,NULL,NULL,NULL,NULL,NULL,NULL,0,0,0,0,0,NULL,0,NULL,0,NULL,NULL),(541,'c52f8d45367af6e875403ebec0542bb950dd3232',31,NULL,0,NULL,0,NULL,0,NULL,0,NULL,0,NULL,0,NULL,0,NULL,NULL,NULL,NULL,NULL,NULL,0,0,NULL,NULL,NULL,NULL,NULL,NULL,0,0,0,0,0,NULL,0,NULL,0,NULL,NULL),(542,'c52f8d45367af6e875403ebec0542bb950dd3232',32,NULL,0,NULL,0,NULL,0,NULL,0,NULL,0,NULL,0,NULL,0,NULL,NULL,NULL,NULL,NULL,NULL,0,0,NULL,NULL,NULL,NULL,NULL,NULL,0,0,0,0,0,NULL,0,NULL,0,NULL,NULL),(543,'c52f8d45367af6e875403ebec0542bb950dd3232',33,NULL,0,NULL,0,NULL,0,NULL,0,NULL,0,NULL,0,NULL,0,NULL,NULL,NULL,NULL,NULL,NULL,0,0,NULL,NULL,NULL,NULL,NULL,NULL,0,0,0,0,0,NULL,0,NULL,0,NULL,NULL),(544,'c52f8d45367af6e875403ebec0542bb950dd3232',34,NULL,0,NULL,0,NULL,0,NULL,0,NULL,0,NULL,0,NULL,0,NULL,NULL,NULL,NULL,NULL,NULL,0,0,NULL,NULL,NULL,NULL,NULL,NULL,0,0,0,0,0,NULL,0,NULL,0,NULL,NULL),(545,'c52f8d45367af6e875403ebec0542bb950dd3232',35,NULL,0,NULL,0,NULL,0,NULL,0,NULL,0,NULL,0,NULL,0,NULL,NULL,NULL,NULL,NULL,NULL,0,0,NULL,NULL,NULL,NULL,NULL,NULL,0,0,0,0,0,NULL,0,NULL,0,NULL,NULL),(546,'c52f8d45367af6e875403ebec0542bb950dd3232',36,NULL,0,NULL,0,NULL,0,NULL,0,NULL,0,NULL,0,NULL,0,NULL,NULL,NULL,NULL,NULL,NULL,0,0,NULL,NULL,NULL,NULL,NULL,NULL,0,0,0,0,0,NULL,0,NULL,0,NULL,NULL),(547,'c52f8d45367af6e875403ebec0542bb950dd3232',37,NULL,0,NULL,0,NULL,0,NULL,0,NULL,0,NULL,0,NULL,0,NULL,NULL,NULL,NULL,NULL,NULL,0,0,NULL,NULL,NULL,NULL,NULL,NULL,0,0,0,0,0,NULL,0,NULL,0,NULL,NULL),(548,'c52f8d45367af6e875403ebec0542bb950dd3232',38,NULL,0,NULL,0,NULL,0,NULL,0,NULL,0,NULL,0,NULL,0,NULL,NULL,NULL,NULL,NULL,NULL,0,0,NULL,NULL,NULL,NULL,NULL,NULL,0,0,0,0,0,NULL,0,NULL,0,NULL,NULL),(549,'c52f8d45367af6e875403ebec0542bb950dd3232',39,NULL,0,NULL,0,NULL,0,NULL,0,NULL,0,NULL,0,NULL,0,NULL,NULL,NULL,NULL,NULL,NULL,0,0,NULL,NULL,NULL,NULL,NULL,NULL,0,0,0,0,0,NULL,0,NULL,0,NULL,NULL),(550,'c52f8d45367af6e875403ebec0542bb950dd3232',40,NULL,0,NULL,0,NULL,0,NULL,0,NULL,0,NULL,0,NULL,0,NULL,NULL,NULL,NULL,NULL,NULL,0,0,NULL,NULL,NULL,NULL,NULL,NULL,0,0,0,0,0,NULL,0,NULL,0,NULL,NULL),(551,'c52f8d45367af6e875403ebec0542bb950dd3232',41,NULL,0,NULL,0,NULL,0,NULL,0,NULL,0,NULL,0,NULL,0,NULL,NULL,NULL,NULL,NULL,NULL,0,0,NULL,NULL,NULL,NULL,NULL,NULL,0,0,0,0,0,NULL,0,NULL,0,NULL,NULL),(552,'c52f8d45367af6e875403ebec0542bb950dd3232',42,NULL,0,NULL,0,NULL,0,NULL,0,NULL,0,NULL,0,NULL,0,NULL,NULL,NULL,NULL,NULL,NULL,0,0,NULL,NULL,NULL,NULL,NULL,NULL,0,0,0,0,0,NULL,0,NULL,0,NULL,NULL),(553,'c52f8d45367af6e875403ebec0542bb950dd3232',43,NULL,0,NULL,0,NULL,0,NULL,0,NULL,0,NULL,0,NULL,0,NULL,NULL,NULL,NULL,NULL,NULL,0,0,NULL,NULL,NULL,NULL,NULL,NULL,0,0,0,0,0,NULL,0,NULL,0,NULL,NULL),(554,'c52f8d45367af6e875403ebec0542bb950dd3232',44,NULL,0,NULL,0,NULL,0,NULL,0,NULL,0,NULL,0,NULL,0,NULL,NULL,NULL,NULL,NULL,NULL,0,0,NULL,NULL,NULL,NULL,NULL,NULL,0,0,0,0,0,NULL,0,NULL,0,NULL,NULL),(555,'c52f8d45367af6e875403ebec0542bb950dd3232',45,NULL,0,NULL,0,NULL,0,NULL,0,NULL,0,NULL,0,NULL,0,NULL,NULL,NULL,NULL,NULL,NULL,0,0,NULL,NULL,NULL,NULL,NULL,NULL,0,0,0,0,0,NULL,0,NULL,0,NULL,NULL),(556,'c52f8d45367af6e875403ebec0542bb950dd3232',46,NULL,0,NULL,0,NULL,0,NULL,0,NULL,0,NULL,0,NULL,0,NULL,NULL,NULL,NULL,NULL,NULL,0,0,NULL,NULL,NULL,NULL,NULL,NULL,0,0,0,0,0,NULL,0,NULL,0,NULL,NULL),(557,'c52f8d45367af6e875403ebec0542bb950dd3232',47,NULL,0,NULL,0,NULL,0,NULL,0,NULL,0,NULL,0,NULL,0,NULL,NULL,NULL,NULL,NULL,NULL,0,0,NULL,NULL,NULL,NULL,NULL,NULL,0,0,0,0,0,NULL,0,NULL,0,NULL,NULL),(558,'c52f8d45367af6e875403ebec0542bb950dd3232',48,NULL,0,NULL,0,NULL,0,NULL,0,NULL,0,NULL,0,NULL,0,NULL,NULL,NULL,NULL,NULL,NULL,0,0,NULL,NULL,NULL,NULL,NULL,NULL,0,0,0,0,0,NULL,0,NULL,0,NULL,NULL),(559,'c52f8d45367af6e875403ebec0542bb950dd3232',49,NULL,0,NULL,0,NULL,0,NULL,0,NULL,0,NULL,0,NULL,0,NULL,NULL,NULL,NULL,NULL,NULL,0,0,NULL,NULL,NULL,NULL,NULL,NULL,0,0,0,0,0,NULL,0,NULL,0,NULL,NULL),(560,'c52f8d45367af6e875403ebec0542bb950dd3232',50,NULL,0,NULL,0,NULL,0,NULL,0,NULL,0,NULL,0,NULL,0,NULL,NULL,NULL,NULL,NULL,NULL,0,0,NULL,NULL,NULL,NULL,NULL,NULL,0,0,0,0,0,NULL,0,NULL,0,NULL,NULL),(561,'c52f8d45367af6e875403ebec0542bb950dd3232',51,NULL,0,NULL,0,NULL,0,NULL,0,NULL,0,NULL,0,NULL,0,NULL,NULL,NULL,NULL,NULL,NULL,0,0,NULL,NULL,NULL,NULL,NULL,NULL,0,0,0,0,0,NULL,0,NULL,0,NULL,NULL),(562,'c52f8d45367af6e875403ebec0542bb950dd3232',52,NULL,0,NULL,0,NULL,0,NULL,0,NULL,0,NULL,0,NULL,0,NULL,NULL,NULL,NULL,NULL,NULL,0,0,NULL,NULL,NULL,NULL,NULL,NULL,0,0,0,0,0,NULL,0,NULL,0,NULL,NULL),(563,'c52f8d45367af6e875403ebec0542bb950dd3232',53,NULL,0,NULL,0,NULL,0,NULL,0,NULL,0,NULL,0,NULL,0,NULL,NULL,NULL,NULL,NULL,NULL,0,0,NULL,NULL,NULL,NULL,NULL,NULL,0,0,0,0,0,NULL,0,NULL,0,NULL,NULL),(564,'c52f8d45367af6e875403ebec0542bb950dd3232',54,NULL,0,NULL,0,NULL,0,NULL,0,NULL,0,NULL,0,NULL,0,NULL,NULL,NULL,NULL,NULL,NULL,0,0,NULL,NULL,NULL,NULL,NULL,NULL,0,0,0,0,0,NULL,0,NULL,0,NULL,NULL),(565,'c52f8d45367af6e875403ebec0542bb950dd3232',55,NULL,0,NULL,0,NULL,0,NULL,0,NULL,0,NULL,0,NULL,0,NULL,NULL,NULL,NULL,NULL,NULL,0,0,NULL,NULL,NULL,NULL,NULL,NULL,0,0,0,0,0,NULL,0,NULL,0,NULL,NULL),(566,'c52f8d45367af6e875403ebec0542bb950dd3232',56,NULL,0,NULL,0,NULL,0,NULL,0,NULL,0,NULL,0,NULL,0,NULL,NULL,NULL,NULL,NULL,NULL,0,0,NULL,NULL,NULL,NULL,NULL,NULL,0,0,0,0,0,NULL,0,NULL,0,NULL,NULL),(567,'c52f8d45367af6e875403ebec0542bb950dd3232',57,NULL,0,NULL,0,NULL,0,NULL,0,NULL,0,NULL,0,NULL,0,NULL,NULL,NULL,NULL,NULL,NULL,0,0,NULL,NULL,NULL,NULL,NULL,NULL,0,0,0,0,0,NULL,0,NULL,0,NULL,NULL),(568,'c52f8d45367af6e875403ebec0542bb950dd3232',58,NULL,0,NULL,0,NULL,0,NULL,0,NULL,0,NULL,0,NULL,0,NULL,NULL,NULL,NULL,NULL,NULL,0,0,NULL,NULL,NULL,NULL,NULL,NULL,0,0,0,0,0,NULL,0,NULL,0,NULL,NULL),(569,'c52f8d45367af6e875403ebec0542bb950dd3232',59,NULL,0,NULL,0,NULL,0,NULL,0,NULL,0,NULL,0,NULL,0,NULL,NULL,NULL,NULL,NULL,NULL,0,0,NULL,NULL,NULL,NULL,NULL,NULL,0,0,0,0,0,NULL,0,NULL,0,NULL,NULL),(570,'c52f8d45367af6e875403ebec0542bb950dd3232',60,NULL,0,NULL,0,NULL,0,NULL,0,NULL,0,NULL,0,NULL,0,NULL,NULL,NULL,NULL,NULL,NULL,0,0,NULL,NULL,NULL,NULL,NULL,NULL,0,0,0,0,0,NULL,0,NULL,0,NULL,NULL),(571,'c52f8d45367af6e875403ebec0542bb950dd3232',61,NULL,0,NULL,0,NULL,0,NULL,0,NULL,0,NULL,0,NULL,0,NULL,NULL,NULL,NULL,NULL,NULL,0,0,NULL,NULL,NULL,NULL,NULL,NULL,0,0,0,0,0,NULL,0,NULL,0,NULL,NULL),(572,'c52f8d45367af6e875403ebec0542bb950dd3232',62,NULL,0,NULL,0,NULL,0,NULL,0,NULL,0,NULL,0,NULL,0,NULL,NULL,NULL,NULL,NULL,NULL,0,0,NULL,NULL,NULL,NULL,NULL,NULL,0,0,0,0,0,NULL,0,NULL,0,NULL,NULL),(573,'c52f8d45367af6e875403ebec0542bb950dd3232',63,NULL,0,NULL,0,NULL,0,NULL,0,NULL,0,NULL,0,NULL,0,NULL,NULL,NULL,NULL,NULL,NULL,0,0,NULL,NULL,NULL,NULL,NULL,NULL,0,0,0,0,0,NULL,0,NULL,0,NULL,NULL),(574,'c52f8d45367af6e875403ebec0542bb950dd3232',64,NULL,0,NULL,0,NULL,0,NULL,0,NULL,0,NULL,0,NULL,0,NULL,NULL,NULL,NULL,NULL,NULL,0,0,NULL,NULL,NULL,NULL,NULL,NULL,0,0,0,0,0,NULL,0,NULL,0,NULL,NULL),(575,'c52f8d45367af6e875403ebec0542bb950dd3232',65,NULL,0,NULL,0,NULL,0,NULL,0,NULL,0,NULL,0,NULL,0,NULL,NULL,NULL,NULL,NULL,NULL,0,0,NULL,NULL,NULL,NULL,NULL,NULL,0,0,0,0,0,NULL,0,NULL,0,NULL,NULL),(576,'c52f8d45367af6e875403ebec0542bb950dd3232',66,NULL,0,NULL,0,NULL,0,NULL,0,NULL,0,NULL,0,NULL,0,NULL,NULL,NULL,NULL,NULL,NULL,0,0,NULL,NULL,NULL,NULL,NULL,NULL,0,0,0,0,0,NULL,0,NULL,0,NULL,NULL),(577,'c52f8d45367af6e875403ebec0542bb950dd3232',67,NULL,0,NULL,0,NULL,0,NULL,0,NULL,0,NULL,0,NULL,0,NULL,NULL,NULL,NULL,NULL,NULL,0,0,NULL,NULL,NULL,NULL,NULL,NULL,0,0,0,0,0,NULL,0,NULL,0,NULL,NULL),(578,'c52f8d45367af6e875403ebec0542bb950dd3232',68,NULL,0,NULL,0,NULL,0,NULL,0,NULL,0,NULL,0,NULL,0,NULL,NULL,NULL,NULL,NULL,NULL,0,0,NULL,NULL,NULL,NULL,NULL,NULL,0,0,0,0,0,NULL,0,NULL,0,NULL,NULL),(579,'c52f8d45367af6e875403ebec0542bb950dd3232',69,NULL,0,NULL,0,NULL,0,NULL,0,NULL,0,NULL,0,NULL,0,NULL,NULL,NULL,NULL,NULL,NULL,0,0,NULL,NULL,NULL,NULL,NULL,NULL,0,0,0,0,0,NULL,0,NULL,0,NULL,NULL),(580,'c52f8d45367af6e875403ebec0542bb950dd3232',70,NULL,0,NULL,0,NULL,0,NULL,0,NULL,0,NULL,0,NULL,0,NULL,NULL,NULL,NULL,NULL,NULL,0,0,NULL,NULL,NULL,NULL,NULL,NULL,0,0,0,0,0,NULL,0,NULL,0,NULL,NULL),(581,'c52f8d45367af6e875403ebec0542bb950dd3232',71,NULL,0,NULL,0,NULL,0,NULL,0,NULL,0,NULL,0,NULL,0,NULL,NULL,NULL,NULL,NULL,NULL,0,0,NULL,NULL,NULL,NULL,NULL,NULL,0,0,0,0,0,NULL,0,NULL,0,NULL,NULL),(582,'c52f8d45367af6e875403ebec0542bb950dd3232',72,NULL,0,NULL,0,NULL,0,NULL,0,NULL,0,NULL,0,NULL,0,NULL,NULL,NULL,NULL,NULL,NULL,0,0,NULL,NULL,NULL,NULL,NULL,NULL,0,0,0,0,0,NULL,0,NULL,0,NULL,NULL),(583,'c52f8d45367af6e875403ebec0542bb950dd3232',73,NULL,0,NULL,0,NULL,0,NULL,0,NULL,0,NULL,0,NULL,0,NULL,NULL,NULL,NULL,NULL,NULL,0,0,NULL,NULL,NULL,NULL,NULL,NULL,0,0,0,0,0,NULL,0,NULL,0,NULL,NULL),(584,'c52f8d45367af6e875403ebec0542bb950dd3232',74,NULL,0,NULL,0,NULL,0,NULL,0,NULL,0,NULL,0,NULL,0,NULL,NULL,NULL,NULL,NULL,NULL,0,0,NULL,NULL,NULL,NULL,NULL,NULL,0,0,0,0,0,NULL,0,NULL,0,NULL,NULL),(585,'c52f8d45367af6e875403ebec0542bb950dd3232',75,NULL,0,NULL,0,NULL,0,NULL,0,NULL,0,NULL,0,NULL,0,NULL,NULL,NULL,NULL,NULL,NULL,0,0,NULL,NULL,NULL,NULL,NULL,NULL,0,0,0,0,0,NULL,0,NULL,0,NULL,NULL),(586,'c52f8d45367af6e875403ebec0542bb950dd3232',76,NULL,0,NULL,0,NULL,0,NULL,0,NULL,0,NULL,0,NULL,0,NULL,NULL,NULL,NULL,NULL,NULL,0,0,NULL,NULL,NULL,NULL,NULL,NULL,0,0,0,0,0,NULL,0,NULL,0,NULL,NULL),(587,'c52f8d45367af6e875403ebec0542bb950dd3232',77,NULL,0,NULL,0,NULL,0,NULL,0,NULL,0,NULL,0,NULL,0,NULL,NULL,NULL,NULL,NULL,NULL,0,0,NULL,NULL,NULL,NULL,NULL,NULL,0,0,0,0,0,NULL,0,NULL,0,NULL,NULL),(588,'c52f8d45367af6e875403ebec0542bb950dd3232',78,NULL,0,NULL,0,NULL,0,NULL,0,NULL,0,NULL,0,NULL,0,NULL,NULL,NULL,NULL,NULL,NULL,0,0,NULL,NULL,NULL,NULL,NULL,NULL,0,0,0,0,0,NULL,0,NULL,0,NULL,NULL),(589,'c52f8d45367af6e875403ebec0542bb950dd3232',79,NULL,0,NULL,0,NULL,0,NULL,0,NULL,0,NULL,0,NULL,0,NULL,NULL,NULL,NULL,NULL,NULL,0,0,NULL,NULL,NULL,NULL,NULL,NULL,0,0,0,0,0,NULL,0,NULL,0,NULL,NULL),(590,'c52f8d45367af6e875403ebec0542bb950dd3232',80,NULL,0,NULL,0,NULL,0,NULL,0,NULL,0,NULL,0,NULL,0,NULL,NULL,NULL,NULL,NULL,NULL,0,0,NULL,NULL,NULL,NULL,NULL,NULL,0,0,0,0,0,NULL,0,NULL,0,NULL,NULL),(591,'c52f8d45367af6e875403ebec0542bb950dd3232',81,NULL,0,NULL,0,NULL,0,NULL,0,NULL,0,NULL,0,NULL,0,NULL,NULL,NULL,NULL,NULL,NULL,0,0,NULL,NULL,NULL,NULL,NULL,NULL,0,0,0,0,0,NULL,0,NULL,0,NULL,NULL),(592,'c52f8d45367af6e875403ebec0542bb950dd3232',82,NULL,0,NULL,0,NULL,0,NULL,0,NULL,0,NULL,0,NULL,0,NULL,NULL,NULL,NULL,NULL,NULL,0,0,NULL,NULL,NULL,NULL,NULL,NULL,0,0,0,0,0,NULL,0,NULL,0,NULL,NULL),(593,'c52f8d45367af6e875403ebec0542bb950dd3232',83,NULL,0,NULL,0,NULL,0,NULL,0,NULL,0,NULL,0,NULL,0,NULL,NULL,NULL,NULL,NULL,NULL,0,0,NULL,NULL,NULL,NULL,NULL,NULL,0,0,0,0,0,NULL,0,NULL,0,NULL,NULL),(594,'c52f8d45367af6e875403ebec0542bb950dd3232',84,NULL,0,NULL,0,NULL,0,NULL,0,NULL,0,NULL,0,NULL,0,NULL,NULL,NULL,NULL,NULL,NULL,0,0,NULL,NULL,NULL,NULL,NULL,NULL,0,0,0,0,0,NULL,0,NULL,0,NULL,NULL),(595,'c52f8d45367af6e875403ebec0542bb950dd3232',85,NULL,0,NULL,0,NULL,0,NULL,0,NULL,0,NULL,0,NULL,0,NULL,NULL,NULL,NULL,NULL,NULL,0,0,NULL,NULL,NULL,NULL,NULL,NULL,0,0,0,0,0,NULL,0,NULL,0,NULL,NULL),(596,'c52f8d45367af6e875403ebec0542bb950dd3232',86,NULL,0,NULL,0,NULL,0,NULL,0,NULL,0,NULL,0,NULL,0,NULL,NULL,NULL,NULL,NULL,NULL,0,0,NULL,NULL,NULL,NULL,NULL,NULL,0,0,0,0,0,NULL,0,NULL,0,NULL,NULL),(597,'c52f8d45367af6e875403ebec0542bb950dd3232',87,NULL,0,NULL,0,NULL,0,NULL,0,NULL,0,NULL,0,NULL,0,NULL,NULL,NULL,NULL,NULL,NULL,0,0,NULL,NULL,NULL,NULL,NULL,NULL,0,0,0,0,0,NULL,0,NULL,0,NULL,NULL),(598,'c52f8d45367af6e875403ebec0542bb950dd3232',88,NULL,0,NULL,0,NULL,0,NULL,0,NULL,0,NULL,0,NULL,0,NULL,NULL,NULL,NULL,NULL,NULL,0,0,NULL,NULL,NULL,NULL,NULL,NULL,0,0,0,0,0,NULL,0,NULL,0,NULL,NULL),(599,'c52f8d45367af6e875403ebec0542bb950dd3232',89,NULL,0,NULL,0,NULL,0,NULL,0,NULL,0,NULL,0,NULL,0,NULL,NULL,NULL,NULL,NULL,NULL,0,0,NULL,NULL,NULL,NULL,NULL,NULL,0,0,0,0,0,NULL,0,NULL,0,NULL,NULL),(600,'c52f8d45367af6e875403ebec0542bb950dd3232',90,NULL,0,NULL,0,NULL,0,NULL,0,NULL,0,NULL,0,NULL,0,NULL,NULL,NULL,NULL,NULL,NULL,0,0,NULL,NULL,NULL,NULL,NULL,NULL,0,0,0,0,0,NULL,0,NULL,0,NULL,NULL),(601,'c52f8d45367af6e875403ebec0542bb950dd3232',91,NULL,0,NULL,0,NULL,0,NULL,0,NULL,0,NULL,0,NULL,0,NULL,NULL,NULL,NULL,NULL,NULL,0,0,NULL,NULL,NULL,NULL,NULL,NULL,0,0,0,0,0,NULL,0,NULL,0,NULL,NULL),(602,'c52f8d45367af6e875403ebec0542bb950dd3232',92,NULL,0,NULL,0,NULL,0,NULL,0,NULL,0,NULL,0,NULL,0,NULL,NULL,NULL,NULL,NULL,NULL,0,0,NULL,NULL,NULL,NULL,NULL,NULL,0,0,0,0,0,NULL,0,NULL,0,NULL,NULL),(603,'c52f8d45367af6e875403ebec0542bb950dd3232',93,NULL,0,NULL,0,NULL,0,NULL,0,NULL,0,NULL,0,NULL,0,NULL,NULL,NULL,NULL,NULL,NULL,0,0,NULL,NULL,NULL,NULL,NULL,NULL,0,0,0,0,0,NULL,0,NULL,0,NULL,NULL),(604,'c52f8d45367af6e875403ebec0542bb950dd3232',94,NULL,0,NULL,0,NULL,0,NULL,0,NULL,0,NULL,0,NULL,0,NULL,NULL,NULL,NULL,NULL,NULL,0,0,NULL,NULL,NULL,NULL,NULL,NULL,0,0,0,0,0,NULL,0,NULL,0,NULL,NULL),(605,'c52f8d45367af6e875403ebec0542bb950dd3232',95,NULL,0,NULL,0,NULL,0,NULL,0,NULL,0,NULL,0,NULL,0,NULL,NULL,NULL,NULL,NULL,NULL,0,0,NULL,NULL,NULL,NULL,NULL,NULL,0,0,0,0,0,NULL,0,NULL,0,NULL,NULL),(606,'c52f8d45367af6e875403ebec0542bb950dd3232',96,NULL,0,NULL,0,NULL,0,NULL,0,NULL,0,NULL,0,NULL,0,NULL,NULL,NULL,NULL,NULL,NULL,0,0,NULL,NULL,NULL,NULL,NULL,NULL,0,0,0,0,0,NULL,0,NULL,0,NULL,NULL),(607,'c52f8d45367af6e875403ebec0542bb950dd3232',97,NULL,0,NULL,0,NULL,0,NULL,0,NULL,0,NULL,0,NULL,0,NULL,NULL,NULL,NULL,NULL,NULL,0,0,NULL,NULL,NULL,NULL,NULL,NULL,0,0,0,0,0,NULL,0,NULL,0,NULL,NULL),(608,'c52f8d45367af6e875403ebec0542bb950dd3232',98,NULL,0,NULL,0,NULL,0,NULL,0,NULL,0,NULL,0,NULL,0,NULL,NULL,NULL,NULL,NULL,NULL,0,0,NULL,NULL,NULL,NULL,NULL,NULL,0,0,0,0,0,NULL,0,NULL,0,NULL,NULL),(609,'c52f8d45367af6e875403ebec0542bb950dd3232',99,NULL,0,NULL,0,NULL,0,NULL,0,NULL,0,NULL,0,NULL,0,NULL,NULL,NULL,NULL,NULL,NULL,0,0,NULL,NULL,NULL,NULL,NULL,NULL,0,0,0,0,0,NULL,0,NULL,0,NULL,NULL),(610,'c52f8d45367af6e875403ebec0542bb950dd3232',100,NULL,0,NULL,0,NULL,0,NULL,0,NULL,0,NULL,0,NULL,0,NULL,NULL,NULL,NULL,NULL,NULL,0,0,NULL,NULL,NULL,NULL,NULL,NULL,0,0,0,0,0,NULL,0,NULL,0,NULL,NULL),(611,'c52f8d45367af6e875403ebec0542bb950dd3232',101,NULL,0,NULL,0,NULL,0,NULL,0,NULL,0,NULL,0,NULL,0,NULL,NULL,NULL,NULL,NULL,NULL,0,0,NULL,NULL,NULL,NULL,NULL,NULL,0,0,0,0,0,NULL,0,NULL,0,NULL,NULL),(612,'c52f8d45367af6e875403ebec0542bb950dd3232',102,NULL,0,NULL,0,NULL,0,NULL,0,NULL,0,NULL,0,NULL,0,NULL,NULL,NULL,NULL,NULL,NULL,0,0,NULL,NULL,NULL,NULL,NULL,NULL,0,0,0,0,0,NULL,0,NULL,0,NULL,NULL),(613,'c52f8d45367af6e875403ebec0542bb950dd3232',103,NULL,0,NULL,0,NULL,0,NULL,0,NULL,0,NULL,0,NULL,0,NULL,NULL,NULL,NULL,NULL,NULL,0,0,NULL,NULL,NULL,NULL,NULL,NULL,0,0,0,0,0,NULL,0,NULL,0,NULL,NULL),(614,'c52f8d45367af6e875403ebec0542bb950dd3232',104,NULL,0,NULL,0,NULL,0,NULL,0,NULL,0,NULL,0,NULL,0,NULL,NULL,NULL,NULL,NULL,NULL,0,0,NULL,NULL,NULL,NULL,NULL,NULL,0,0,0,0,0,NULL,0,NULL,0,NULL,NULL),(615,'c52f8d45367af6e875403ebec0542bb950dd3232',105,NULL,0,NULL,0,NULL,0,NULL,0,NULL,0,NULL,0,NULL,0,NULL,NULL,NULL,NULL,NULL,NULL,0,0,NULL,NULL,NULL,NULL,NULL,NULL,0,0,0,0,0,NULL,0,NULL,0,NULL,NULL),(616,'c52f8d45367af6e875403ebec0542bb950dd3232',106,NULL,0,NULL,0,NULL,0,NULL,0,NULL,0,NULL,0,NULL,0,NULL,NULL,NULL,NULL,NULL,NULL,0,0,NULL,NULL,NULL,NULL,NULL,NULL,0,0,0,0,0,NULL,0,NULL,0,NULL,NULL),(617,'c52f8d45367af6e875403ebec0542bb950dd3232',107,NULL,0,NULL,0,NULL,0,NULL,0,NULL,0,NULL,0,NULL,0,NULL,NULL,NULL,NULL,NULL,NULL,0,0,NULL,NULL,NULL,NULL,NULL,NULL,0,0,0,0,0,NULL,0,NULL,0,NULL,NULL),(618,'c52f8d45367af6e875403ebec0542bb950dd3232',108,NULL,0,NULL,0,NULL,0,NULL,0,NULL,0,NULL,0,NULL,0,NULL,NULL,NULL,NULL,NULL,NULL,0,0,NULL,NULL,NULL,NULL,NULL,NULL,0,0,0,0,0,NULL,0,NULL,0,NULL,NULL),(619,'c52f8d45367af6e875403ebec0542bb950dd3232',109,NULL,0,NULL,0,NULL,0,NULL,0,NULL,0,NULL,0,NULL,0,NULL,NULL,NULL,NULL,NULL,NULL,0,0,NULL,NULL,NULL,NULL,NULL,NULL,0,0,0,0,0,NULL,0,NULL,0,NULL,NULL),(620,'c52f8d45367af6e875403ebec0542bb950dd3232',110,NULL,0,NULL,0,NULL,0,NULL,0,NULL,0,NULL,0,NULL,0,NULL,NULL,NULL,NULL,NULL,NULL,0,0,NULL,NULL,NULL,NULL,NULL,NULL,0,0,0,0,0,NULL,0,NULL,0,NULL,NULL),(621,'c52f8d45367af6e875403ebec0542bb950dd3232',111,NULL,0,NULL,0,NULL,0,NULL,0,NULL,0,NULL,0,NULL,0,NULL,NULL,NULL,NULL,NULL,NULL,0,0,NULL,NULL,NULL,NULL,NULL,NULL,0,0,0,0,0,NULL,0,NULL,0,NULL,NULL),(622,'c52f8d45367af6e875403ebec0542bb950dd3232',112,NULL,0,NULL,0,NULL,0,NULL,0,NULL,0,NULL,0,NULL,0,NULL,NULL,NULL,NULL,NULL,NULL,0,0,NULL,NULL,NULL,NULL,NULL,NULL,0,0,0,0,0,NULL,0,NULL,0,NULL,NULL),(623,'c52f8d45367af6e875403ebec0542bb950dd3232',113,NULL,0,NULL,0,NULL,0,NULL,0,NULL,0,NULL,0,NULL,0,NULL,NULL,NULL,NULL,NULL,NULL,0,0,NULL,NULL,NULL,NULL,NULL,NULL,0,0,0,0,0,NULL,0,NULL,0,NULL,NULL),(624,'c52f8d45367af6e875403ebec0542bb950dd3232',114,NULL,0,NULL,0,NULL,0,NULL,0,NULL,0,NULL,0,NULL,0,NULL,NULL,NULL,NULL,NULL,NULL,0,0,NULL,NULL,NULL,NULL,NULL,NULL,0,0,0,0,0,NULL,0,NULL,0,NULL,NULL),(625,'c52f8d45367af6e875403ebec0542bb950dd3232',115,NULL,0,NULL,0,NULL,0,NULL,0,NULL,0,NULL,0,NULL,0,NULL,NULL,NULL,NULL,NULL,NULL,0,0,NULL,NULL,NULL,NULL,NULL,NULL,0,0,0,0,0,NULL,0,NULL,0,NULL,NULL),(626,'c52f8d45367af6e875403ebec0542bb950dd3232',116,NULL,0,NULL,0,NULL,0,NULL,0,NULL,0,NULL,0,NULL,0,NULL,NULL,NULL,NULL,NULL,NULL,0,0,NULL,NULL,NULL,NULL,NULL,NULL,0,0,0,0,0,NULL,0,NULL,0,NULL,NULL),(627,'c52f8d45367af6e875403ebec0542bb950dd3232',117,NULL,0,NULL,0,NULL,0,NULL,0,NULL,0,NULL,0,NULL,0,NULL,NULL,NULL,NULL,NULL,NULL,0,0,NULL,NULL,NULL,NULL,NULL,NULL,0,0,0,0,0,NULL,0,NULL,0,NULL,NULL),(628,'c52f8d45367af6e875403ebec0542bb950dd3232',118,NULL,0,NULL,0,NULL,0,NULL,0,NULL,0,NULL,0,NULL,0,NULL,NULL,NULL,NULL,NULL,NULL,0,0,NULL,NULL,NULL,NULL,NULL,NULL,0,0,0,0,0,NULL,0,NULL,0,NULL,NULL),(629,'c52f8d45367af6e875403ebec0542bb950dd3232',119,NULL,0,NULL,0,NULL,0,NULL,0,NULL,0,NULL,0,NULL,0,NULL,NULL,NULL,NULL,NULL,NULL,0,0,NULL,NULL,NULL,NULL,NULL,NULL,0,0,0,0,0,NULL,0,NULL,0,NULL,NULL),(630,'c52f8d45367af6e875403ebec0542bb950dd3232',120,NULL,0,NULL,0,NULL,0,NULL,0,NULL,0,NULL,0,NULL,0,NULL,NULL,NULL,NULL,NULL,NULL,0,0,NULL,NULL,NULL,NULL,NULL,NULL,0,0,0,0,0,NULL,0,NULL,0,NULL,NULL),(631,'c52f8d45367af6e875403ebec0542bb950dd3232',121,NULL,0,NULL,0,NULL,0,NULL,0,NULL,0,NULL,0,NULL,0,NULL,NULL,NULL,NULL,NULL,NULL,0,0,NULL,NULL,NULL,NULL,NULL,NULL,0,0,0,0,0,NULL,0,NULL,0,NULL,NULL),(632,'c52f8d45367af6e875403ebec0542bb950dd3232',122,NULL,0,NULL,0,NULL,0,NULL,0,NULL,0,NULL,0,NULL,0,NULL,NULL,NULL,NULL,NULL,NULL,0,0,NULL,NULL,NULL,NULL,NULL,NULL,0,0,0,0,0,NULL,0,NULL,0,NULL,NULL),(633,'c52f8d45367af6e875403ebec0542bb950dd3232',123,NULL,0,NULL,0,NULL,0,NULL,0,NULL,0,NULL,0,NULL,0,NULL,NULL,NULL,NULL,NULL,NULL,0,0,NULL,NULL,NULL,NULL,NULL,NULL,0,0,0,0,0,NULL,0,NULL,0,NULL,NULL),(634,'c52f8d45367af6e875403ebec0542bb950dd3232',124,NULL,0,NULL,0,NULL,0,NULL,0,NULL,0,NULL,0,NULL,0,NULL,NULL,NULL,NULL,NULL,NULL,0,0,NULL,NULL,NULL,NULL,NULL,NULL,0,0,0,0,0,NULL,0,NULL,0,NULL,NULL),(635,'c52f8d45367af6e875403ebec0542bb950dd3232',125,NULL,0,NULL,0,NULL,0,NULL,0,NULL,0,NULL,0,NULL,0,NULL,NULL,NULL,NULL,NULL,NULL,0,0,NULL,NULL,NULL,NULL,NULL,NULL,0,0,0,0,0,NULL,0,NULL,0,NULL,NULL),(636,'c52f8d45367af6e875403ebec0542bb950dd3232',126,NULL,0,NULL,0,NULL,0,NULL,0,NULL,0,NULL,0,NULL,0,NULL,NULL,NULL,NULL,NULL,NULL,0,0,NULL,NULL,NULL,NULL,NULL,NULL,0,0,0,0,0,NULL,0,NULL,0,NULL,NULL),(637,'c52f8d45367af6e875403ebec0542bb950dd3232',127,NULL,0,NULL,0,NULL,0,NULL,0,NULL,0,NULL,0,NULL,0,NULL,NULL,NULL,NULL,NULL,NULL,0,0,NULL,NULL,NULL,NULL,NULL,NULL,0,0,0,0,0,NULL,0,NULL,0,NULL,NULL),(638,'c52f8d45367af6e875403ebec0542bb950dd3232',128,NULL,0,NULL,0,NULL,0,NULL,0,NULL,0,NULL,0,NULL,0,NULL,NULL,NULL,NULL,NULL,NULL,0,0,NULL,NULL,NULL,NULL,NULL,NULL,0,0,0,0,0,NULL,0,NULL,0,NULL,NULL),(639,'c52f8d45367af6e875403ebec0542bb950dd3232',129,NULL,0,NULL,0,NULL,0,NULL,0,NULL,0,NULL,0,NULL,0,NULL,NULL,NULL,NULL,NULL,NULL,0,0,NULL,NULL,NULL,NULL,NULL,NULL,0,0,0,0,0,NULL,0,NULL,0,NULL,NULL),(640,'c52f8d45367af6e875403ebec0542bb950dd3232',130,NULL,0,NULL,0,NULL,0,NULL,0,NULL,0,NULL,0,NULL,0,NULL,NULL,NULL,NULL,NULL,NULL,0,0,NULL,NULL,NULL,NULL,NULL,NULL,0,0,0,0,0,NULL,0,NULL,0,NULL,NULL),(641,'c52f8d45367af6e875403ebec0542bb950dd3232',131,NULL,0,NULL,0,NULL,0,NULL,0,NULL,0,NULL,0,NULL,0,NULL,NULL,NULL,NULL,NULL,NULL,0,0,NULL,NULL,NULL,NULL,NULL,NULL,0,0,0,0,0,NULL,0,NULL,0,NULL,NULL),(642,'c52f8d45367af6e875403ebec0542bb950dd3232',132,NULL,0,NULL,0,NULL,0,NULL,0,NULL,0,NULL,0,NULL,0,NULL,NULL,NULL,NULL,NULL,NULL,0,0,NULL,NULL,NULL,NULL,NULL,NULL,0,0,0,0,0,NULL,0,NULL,0,NULL,NULL),(643,'c52f8d45367af6e875403ebec0542bb950dd3232',133,NULL,0,NULL,0,NULL,0,NULL,0,NULL,0,NULL,0,NULL,0,NULL,NULL,NULL,NULL,NULL,NULL,0,0,NULL,NULL,NULL,NULL,NULL,NULL,0,0,0,0,0,NULL,0,NULL,0,NULL,NULL),(644,'c52f8d45367af6e875403ebec0542bb950dd3232',134,NULL,0,NULL,0,NULL,0,NULL,0,NULL,0,NULL,0,NULL,0,NULL,NULL,NULL,NULL,NULL,NULL,0,0,NULL,NULL,NULL,NULL,NULL,NULL,0,0,0,0,0,NULL,0,NULL,0,NULL,NULL),(645,'c52f8d45367af6e875403ebec0542bb950dd3232',135,NULL,0,NULL,0,NULL,0,NULL,0,NULL,0,NULL,0,NULL,0,NULL,NULL,NULL,NULL,NULL,NULL,0,0,NULL,NULL,NULL,NULL,NULL,NULL,0,0,0,0,0,NULL,0,NULL,0,NULL,NULL),(646,'c52f8d45367af6e875403ebec0542bb950dd3232',136,NULL,0,NULL,0,NULL,0,NULL,0,NULL,0,NULL,0,NULL,0,NULL,NULL,NULL,NULL,NULL,NULL,0,0,NULL,NULL,NULL,NULL,NULL,NULL,0,0,0,0,0,NULL,0,NULL,0,NULL,NULL),(647,'c52f8d45367af6e875403ebec0542bb950dd3232',137,NULL,0,NULL,0,NULL,0,NULL,0,NULL,0,NULL,0,NULL,0,NULL,NULL,NULL,NULL,NULL,NULL,0,0,NULL,NULL,NULL,NULL,NULL,NULL,0,0,0,0,0,NULL,0,NULL,0,NULL,NULL),(648,'c52f8d45367af6e875403ebec0542bb950dd3232',138,NULL,0,NULL,0,NULL,0,NULL,0,NULL,0,NULL,0,NULL,0,NULL,NULL,NULL,NULL,NULL,NULL,0,0,NULL,NULL,NULL,NULL,NULL,NULL,0,0,0,0,0,NULL,0,NULL,0,NULL,NULL),(649,'c52f8d45367af6e875403ebec0542bb950dd3232',139,NULL,0,NULL,0,NULL,0,NULL,0,NULL,0,NULL,0,NULL,0,NULL,NULL,NULL,NULL,NULL,NULL,0,0,NULL,NULL,NULL,NULL,NULL,NULL,0,0,0,0,0,NULL,0,NULL,0,NULL,NULL),(650,'c52f8d45367af6e875403ebec0542bb950dd3232',140,NULL,0,NULL,0,NULL,0,NULL,0,NULL,0,NULL,0,NULL,0,NULL,NULL,NULL,NULL,NULL,NULL,0,0,NULL,NULL,NULL,NULL,NULL,NULL,0,0,0,0,0,NULL,0,NULL,0,NULL,NULL),(651,'c52f8d45367af6e875403ebec0542bb950dd3232',141,NULL,0,NULL,0,NULL,0,NULL,0,NULL,0,NULL,0,NULL,0,NULL,NULL,NULL,NULL,NULL,NULL,0,0,NULL,NULL,NULL,NULL,NULL,NULL,0,0,0,0,0,NULL,0,NULL,0,NULL,NULL),(652,'c52f8d45367af6e875403ebec0542bb950dd3232',142,NULL,0,NULL,0,NULL,0,NULL,0,NULL,0,NULL,0,NULL,0,NULL,NULL,NULL,NULL,NULL,NULL,0,0,NULL,NULL,NULL,NULL,NULL,NULL,0,0,0,0,0,NULL,0,NULL,0,NULL,NULL),(653,'c52f8d45367af6e875403ebec0542bb950dd3232',143,NULL,0,NULL,0,NULL,0,NULL,0,NULL,0,NULL,0,NULL,0,NULL,NULL,NULL,NULL,NULL,NULL,0,0,NULL,NULL,NULL,NULL,NULL,NULL,0,0,0,0,0,NULL,0,NULL,0,NULL,NULL),(654,'c52f8d45367af6e875403ebec0542bb950dd3232',144,NULL,0,NULL,0,NULL,0,NULL,0,NULL,0,NULL,0,NULL,0,NULL,NULL,NULL,NULL,NULL,NULL,0,0,NULL,NULL,NULL,NULL,NULL,NULL,0,0,0,0,0,NULL,0,NULL,0,NULL,NULL),(655,'c52f8d45367af6e875403ebec0542bb950dd3232',145,NULL,0,NULL,0,NULL,0,NULL,0,NULL,0,NULL,0,NULL,0,NULL,NULL,NULL,NULL,NULL,NULL,0,0,NULL,NULL,NULL,NULL,NULL,NULL,0,0,0,0,0,NULL,0,NULL,0,NULL,NULL),(656,'c52f8d45367af6e875403ebec0542bb950dd3232',146,NULL,0,NULL,0,NULL,0,NULL,0,NULL,0,NULL,0,NULL,0,NULL,NULL,NULL,NULL,NULL,NULL,0,0,NULL,NULL,NULL,NULL,NULL,NULL,0,0,0,0,0,NULL,0,NULL,0,NULL,NULL),(657,'c52f8d45367af6e875403ebec0542bb950dd3232',147,NULL,0,NULL,0,NULL,0,NULL,0,NULL,0,NULL,0,NULL,0,NULL,NULL,NULL,NULL,NULL,NULL,0,0,NULL,NULL,NULL,NULL,NULL,NULL,0,0,0,0,0,NULL,0,NULL,0,NULL,NULL),(658,'c52f8d45367af6e875403ebec0542bb950dd3232',148,NULL,0,NULL,0,NULL,0,NULL,0,NULL,0,NULL,0,NULL,0,NULL,NULL,NULL,NULL,NULL,NULL,0,0,NULL,NULL,NULL,NULL,NULL,NULL,0,0,0,0,0,NULL,0,NULL,0,NULL,NULL),(659,'c52f8d45367af6e875403ebec0542bb950dd3232',149,NULL,0,NULL,0,NULL,0,NULL,0,NULL,0,NULL,0,NULL,0,NULL,NULL,NULL,NULL,NULL,NULL,0,0,NULL,NULL,NULL,NULL,NULL,NULL,0,0,0,0,0,NULL,0,NULL,0,NULL,NULL),(660,'c52f8d45367af6e875403ebec0542bb950dd3232',150,NULL,0,NULL,0,NULL,0,NULL,0,NULL,0,NULL,0,NULL,0,NULL,NULL,NULL,NULL,NULL,NULL,0,0,NULL,NULL,NULL,NULL,NULL,NULL,0,0,0,0,0,NULL,0,NULL,0,NULL,NULL),(661,'c52f8d45367af6e875403ebec0542bb950dd3232',151,NULL,0,NULL,0,NULL,0,NULL,0,NULL,0,NULL,0,NULL,0,NULL,NULL,NULL,NULL,NULL,NULL,0,0,NULL,NULL,NULL,NULL,NULL,NULL,0,0,0,0,0,NULL,0,NULL,0,NULL,NULL),(662,'c52f8d45367af6e875403ebec0542bb950dd3232',152,NULL,0,NULL,0,NULL,0,NULL,0,NULL,0,NULL,0,NULL,0,NULL,NULL,NULL,NULL,NULL,NULL,0,0,NULL,NULL,NULL,NULL,NULL,NULL,0,0,0,0,0,NULL,0,NULL,0,NULL,NULL),(663,'c52f8d45367af6e875403ebec0542bb950dd3232',153,NULL,0,NULL,0,NULL,0,NULL,0,NULL,0,NULL,0,NULL,0,NULL,NULL,NULL,NULL,NULL,NULL,0,0,NULL,NULL,NULL,NULL,NULL,NULL,0,0,0,0,0,NULL,0,NULL,0,NULL,NULL),(664,'c52f8d45367af6e875403ebec0542bb950dd3232',154,NULL,0,NULL,0,NULL,0,NULL,0,NULL,0,NULL,0,NULL,0,NULL,NULL,NULL,NULL,NULL,NULL,0,0,NULL,NULL,NULL,NULL,NULL,NULL,0,0,0,0,0,NULL,0,NULL,0,NULL,NULL),(665,'c52f8d45367af6e875403ebec0542bb950dd3232',155,NULL,0,NULL,0,NULL,0,NULL,0,NULL,0,NULL,0,NULL,0,NULL,NULL,NULL,NULL,NULL,NULL,0,0,NULL,NULL,NULL,NULL,NULL,NULL,0,0,0,0,0,NULL,0,NULL,0,NULL,NULL),(666,'c52f8d45367af6e875403ebec0542bb950dd3232',156,NULL,0,NULL,0,NULL,0,NULL,0,NULL,0,NULL,0,NULL,0,NULL,NULL,NULL,NULL,NULL,NULL,0,0,NULL,NULL,NULL,NULL,NULL,NULL,0,0,0,0,0,NULL,0,NULL,0,NULL,NULL),(667,'c52f8d45367af6e875403ebec0542bb950dd3232',157,NULL,0,NULL,0,NULL,0,NULL,0,NULL,0,NULL,0,NULL,0,NULL,NULL,NULL,NULL,NULL,NULL,0,0,NULL,NULL,NULL,NULL,NULL,NULL,0,0,0,0,0,NULL,0,NULL,0,NULL,NULL),(668,'c52f8d45367af6e875403ebec0542bb950dd3232',158,NULL,0,NULL,0,NULL,0,NULL,0,NULL,0,NULL,0,NULL,0,NULL,NULL,NULL,NULL,NULL,NULL,0,0,NULL,NULL,NULL,NULL,NULL,NULL,0,0,0,0,0,NULL,0,NULL,0,NULL,NULL),(669,'c52f8d45367af6e875403ebec0542bb950dd3232',159,NULL,0,NULL,0,NULL,0,NULL,0,NULL,0,NULL,0,NULL,0,NULL,NULL,NULL,NULL,NULL,NULL,0,0,NULL,NULL,NULL,NULL,NULL,NULL,0,0,0,0,0,NULL,0,NULL,0,NULL,NULL),(670,'c52f8d45367af6e875403ebec0542bb950dd3232',160,NULL,0,NULL,0,NULL,0,NULL,0,NULL,0,NULL,0,NULL,0,NULL,NULL,NULL,NULL,NULL,NULL,0,0,NULL,NULL,NULL,NULL,NULL,NULL,0,0,0,0,0,NULL,0,NULL,0,NULL,NULL),(671,'c52f8d45367af6e875403ebec0542bb950dd3232',161,NULL,0,NULL,0,NULL,0,NULL,0,NULL,0,NULL,0,NULL,0,NULL,NULL,NULL,NULL,NULL,NULL,0,0,NULL,NULL,NULL,NULL,NULL,NULL,0,0,0,0,0,NULL,0,NULL,0,NULL,NULL),(672,'c52f8d45367af6e875403ebec0542bb950dd3232',162,NULL,0,NULL,0,NULL,0,NULL,0,NULL,0,NULL,0,NULL,0,NULL,NULL,NULL,NULL,NULL,NULL,0,0,NULL,NULL,NULL,NULL,NULL,NULL,0,0,0,0,0,NULL,0,NULL,0,NULL,NULL),(673,'c52f8d45367af6e875403ebec0542bb950dd3232',163,NULL,0,NULL,0,NULL,0,NULL,0,NULL,0,NULL,0,NULL,0,NULL,NULL,NULL,NULL,NULL,NULL,0,0,NULL,NULL,NULL,NULL,NULL,NULL,0,0,0,0,0,NULL,0,NULL,0,NULL,NULL),(766,'ff72719bee35797e5c63a0246cddf75f486d93ae',1,NULL,0,NULL,11,NULL,0,NULL,0,NULL,0,NULL,0,NULL,0,'LAIN LAIN','DIKERJAKAN','USULAN',NULL,'AREA','ARCAMANIK',1560,1651650,'YA',NULL,'e5a86476ba8842d73d45aa505a7c4bdb8fb4652b.jpeg','7c169efe49fc235d16dd6aade53421765cc0dc1b.jpeg',NULL,NULL,0,0,0,0,66,NULL,0,NULL,0,NULL,NULL),(767,'ff72719bee35797e5c63a0246cddf75f486d93ae',2,NULL,35,NULL,0,NULL,20,NULL,0,NULL,0,NULL,0,NULL,0,NULL,NULL,NULL,NULL,NULL,NULL,0,0,NULL,NULL,NULL,NULL,'KERUSAKAN','JENIS KERUSAKAN',12,52,5654,56,55,'LAIN LAIN',0,NULL,0,NULL,NULL),(768,'ff72719bee35797e5c63a0246cddf75f486d93ae',3,NULL,0,NULL,0,NULL,0,NULL,0,NULL,0,NULL,0,NULL,0,NULL,NULL,NULL,NULL,NULL,NULL,0,0,NULL,NULL,NULL,NULL,NULL,NULL,0,0,0,0,0,NULL,0,NULL,0,NULL,NULL),(769,'ff72719bee35797e5c63a0246cddf75f486d93ae',4,NULL,0,NULL,0,NULL,0,NULL,0,NULL,0,NULL,0,NULL,0,NULL,NULL,NULL,NULL,NULL,NULL,0,0,NULL,NULL,NULL,NULL,NULL,NULL,0,0,0,0,0,NULL,0,NULL,0,NULL,NULL),(770,'ff72719bee35797e5c63a0246cddf75f486d93ae',5,NULL,0,NULL,0,NULL,0,NULL,0,NULL,0,NULL,0,NULL,0,NULL,NULL,NULL,NULL,NULL,NULL,0,0,NULL,NULL,NULL,NULL,NULL,NULL,0,0,0,0,0,NULL,0,NULL,0,NULL,NULL),(771,'ff72719bee35797e5c63a0246cddf75f486d93ae',6,NULL,0,NULL,0,NULL,0,NULL,0,NULL,0,NULL,0,NULL,0,NULL,NULL,NULL,NULL,NULL,NULL,0,0,NULL,NULL,NULL,NULL,NULL,NULL,0,0,0,0,0,NULL,0,NULL,0,NULL,NULL),(772,'ff72719bee35797e5c63a0246cddf75f486d93ae',7,NULL,0,NULL,0,NULL,0,NULL,0,NULL,0,NULL,0,NULL,0,NULL,NULL,NULL,NULL,NULL,NULL,0,0,NULL,NULL,NULL,NULL,NULL,NULL,0,0,0,0,0,NULL,0,NULL,0,NULL,NULL),(773,'ff72719bee35797e5c63a0246cddf75f486d93ae',8,NULL,0,NULL,0,NULL,0,NULL,0,NULL,0,NULL,0,NULL,0,NULL,NULL,NULL,NULL,NULL,NULL,0,0,NULL,NULL,NULL,NULL,NULL,NULL,0,0,0,0,0,NULL,0,NULL,0,NULL,NULL),(774,'ff72719bee35797e5c63a0246cddf75f486d93ae',9,NULL,0,NULL,0,NULL,0,NULL,0,NULL,0,NULL,0,NULL,0,NULL,NULL,NULL,NULL,NULL,NULL,0,0,NULL,NULL,NULL,NULL,NULL,NULL,0,0,0,0,0,NULL,0,NULL,0,NULL,NULL),(775,'ff72719bee35797e5c63a0246cddf75f486d93ae',10,NULL,0,NULL,0,NULL,0,NULL,0,NULL,0,NULL,0,NULL,0,NULL,NULL,NULL,NULL,NULL,NULL,0,0,NULL,NULL,NULL,NULL,NULL,NULL,0,0,0,0,0,NULL,0,NULL,0,NULL,NULL),(776,'ff72719bee35797e5c63a0246cddf75f486d93ae',11,NULL,0,NULL,0,NULL,0,NULL,0,NULL,0,NULL,0,NULL,0,NULL,NULL,NULL,NULL,NULL,NULL,0,0,NULL,NULL,NULL,NULL,NULL,NULL,0,0,0,0,0,NULL,0,NULL,0,NULL,NULL),(777,'ff72719bee35797e5c63a0246cddf75f486d93ae',12,NULL,0,NULL,0,NULL,0,NULL,0,NULL,0,NULL,0,NULL,0,NULL,NULL,NULL,NULL,NULL,NULL,0,0,NULL,NULL,NULL,NULL,NULL,NULL,0,0,0,0,0,NULL,0,NULL,0,NULL,NULL),(778,'ff72719bee35797e5c63a0246cddf75f486d93ae',13,NULL,0,NULL,0,NULL,0,NULL,0,NULL,0,NULL,0,NULL,0,NULL,NULL,NULL,NULL,NULL,NULL,0,0,NULL,NULL,NULL,NULL,NULL,NULL,0,0,0,0,0,NULL,0,NULL,0,NULL,NULL),(779,'ff72719bee35797e5c63a0246cddf75f486d93ae',14,NULL,0,NULL,0,NULL,0,NULL,0,NULL,0,NULL,0,NULL,0,NULL,NULL,NULL,NULL,NULL,NULL,0,0,NULL,NULL,NULL,NULL,NULL,NULL,0,0,0,0,0,NULL,0,NULL,0,NULL,NULL),(780,'ff72719bee35797e5c63a0246cddf75f486d93ae',15,NULL,0,NULL,0,NULL,0,NULL,0,NULL,0,NULL,0,NULL,0,NULL,NULL,NULL,NULL,NULL,NULL,0,0,NULL,NULL,NULL,NULL,NULL,NULL,0,0,0,0,0,NULL,0,NULL,0,NULL,NULL),(781,'ff72719bee35797e5c63a0246cddf75f486d93ae',16,NULL,0,NULL,0,NULL,0,NULL,0,NULL,0,NULL,0,NULL,0,NULL,NULL,NULL,NULL,NULL,NULL,0,0,NULL,NULL,NULL,NULL,NULL,NULL,0,0,0,0,0,NULL,0,NULL,0,NULL,NULL),(782,'ff72719bee35797e5c63a0246cddf75f486d93ae',17,NULL,0,NULL,0,NULL,0,NULL,0,NULL,0,NULL,0,NULL,0,NULL,NULL,NULL,NULL,NULL,NULL,0,0,NULL,NULL,NULL,NULL,NULL,NULL,0,0,0,0,0,NULL,0,NULL,0,NULL,NULL),(783,'ff72719bee35797e5c63a0246cddf75f486d93ae',18,NULL,0,NULL,0,NULL,0,NULL,0,NULL,0,NULL,0,NULL,0,NULL,NULL,NULL,NULL,NULL,NULL,0,0,NULL,NULL,NULL,NULL,NULL,NULL,0,0,0,0,0,NULL,0,NULL,0,NULL,NULL),(784,'ff72719bee35797e5c63a0246cddf75f486d93ae',19,NULL,0,NULL,0,NULL,0,NULL,0,NULL,0,NULL,0,NULL,0,NULL,NULL,NULL,NULL,NULL,NULL,0,0,NULL,NULL,NULL,NULL,NULL,NULL,0,0,0,0,0,NULL,0,NULL,0,NULL,NULL),(785,'ff72719bee35797e5c63a0246cddf75f486d93ae',20,NULL,0,NULL,0,NULL,0,NULL,0,NULL,0,NULL,0,NULL,0,NULL,NULL,NULL,NULL,NULL,NULL,0,0,NULL,NULL,NULL,NULL,NULL,NULL,0,0,0,0,0,NULL,0,NULL,0,NULL,NULL),(786,'ff72719bee35797e5c63a0246cddf75f486d93ae',21,NULL,0,NULL,0,NULL,0,NULL,0,NULL,0,NULL,0,NULL,0,NULL,NULL,NULL,NULL,NULL,NULL,0,0,NULL,NULL,NULL,NULL,NULL,NULL,0,0,0,0,0,NULL,0,NULL,0,NULL,NULL),(787,'ff72719bee35797e5c63a0246cddf75f486d93ae',22,NULL,0,NULL,0,NULL,0,NULL,0,NULL,0,NULL,0,NULL,0,NULL,NULL,NULL,NULL,NULL,NULL,0,0,NULL,NULL,NULL,NULL,NULL,NULL,0,0,0,0,0,NULL,0,NULL,0,NULL,NULL),(788,'ff72719bee35797e5c63a0246cddf75f486d93ae',23,NULL,0,NULL,0,NULL,0,NULL,0,NULL,0,NULL,0,NULL,0,NULL,NULL,NULL,NULL,NULL,NULL,0,0,NULL,NULL,NULL,NULL,NULL,NULL,0,0,0,0,0,NULL,0,NULL,0,NULL,NULL),(789,'ff72719bee35797e5c63a0246cddf75f486d93ae',24,NULL,0,NULL,0,NULL,0,NULL,0,NULL,0,NULL,0,NULL,0,NULL,NULL,NULL,NULL,NULL,NULL,0,0,NULL,NULL,NULL,NULL,NULL,NULL,0,0,0,0,0,NULL,0,NULL,0,NULL,NULL),(790,'ff72719bee35797e5c63a0246cddf75f486d93ae',25,NULL,0,NULL,0,NULL,0,NULL,0,NULL,0,NULL,0,NULL,0,NULL,NULL,NULL,NULL,NULL,NULL,0,0,NULL,NULL,NULL,NULL,NULL,NULL,0,0,0,0,0,NULL,0,NULL,0,NULL,NULL),(791,'ff72719bee35797e5c63a0246cddf75f486d93ae',26,NULL,0,NULL,0,NULL,0,NULL,0,NULL,0,NULL,0,NULL,0,NULL,NULL,NULL,NULL,NULL,NULL,0,0,NULL,NULL,NULL,NULL,NULL,NULL,0,0,0,0,0,NULL,0,NULL,0,NULL,NULL),(792,'ff72719bee35797e5c63a0246cddf75f486d93ae',27,NULL,0,NULL,0,NULL,0,NULL,0,NULL,0,NULL,0,NULL,0,NULL,NULL,NULL,NULL,NULL,NULL,0,0,NULL,NULL,NULL,NULL,NULL,NULL,0,0,0,0,0,NULL,0,NULL,0,NULL,NULL),(793,'ff72719bee35797e5c63a0246cddf75f486d93ae',28,NULL,0,NULL,0,NULL,0,NULL,0,NULL,0,NULL,0,NULL,0,NULL,NULL,NULL,NULL,NULL,NULL,0,0,NULL,NULL,NULL,NULL,NULL,NULL,0,0,0,0,0,NULL,0,NULL,0,NULL,NULL),(794,'ff72719bee35797e5c63a0246cddf75f486d93ae',29,NULL,0,NULL,0,NULL,0,NULL,0,NULL,0,NULL,0,NULL,0,NULL,NULL,NULL,NULL,NULL,NULL,0,0,NULL,NULL,NULL,NULL,NULL,NULL,0,0,0,0,0,NULL,0,NULL,0,NULL,NULL),(795,'ff72719bee35797e5c63a0246cddf75f486d93ae',30,NULL,0,NULL,0,NULL,0,NULL,0,NULL,0,NULL,0,NULL,0,NULL,NULL,NULL,NULL,NULL,NULL,0,0,NULL,NULL,NULL,NULL,NULL,NULL,0,0,0,0,0,NULL,0,NULL,0,NULL,NULL),(796,'ff72719bee35797e5c63a0246cddf75f486d93ae',31,NULL,0,NULL,0,NULL,0,NULL,0,NULL,0,NULL,0,NULL,0,NULL,NULL,NULL,NULL,NULL,NULL,0,0,NULL,NULL,NULL,NULL,NULL,NULL,0,0,0,0,0,NULL,0,NULL,0,NULL,NULL),(797,'ff72719bee35797e5c63a0246cddf75f486d93ae',32,NULL,0,NULL,0,NULL,0,NULL,0,NULL,0,NULL,0,NULL,0,NULL,NULL,NULL,NULL,NULL,NULL,0,0,NULL,NULL,NULL,NULL,NULL,NULL,0,0,0,0,0,NULL,0,NULL,0,NULL,NULL),(798,'ff72719bee35797e5c63a0246cddf75f486d93ae',33,NULL,0,NULL,0,NULL,0,NULL,0,NULL,0,NULL,0,NULL,0,NULL,NULL,NULL,NULL,NULL,NULL,0,0,NULL,NULL,NULL,NULL,NULL,NULL,0,0,0,0,0,NULL,0,NULL,0,NULL,NULL),(799,'ff72719bee35797e5c63a0246cddf75f486d93ae',34,NULL,0,NULL,0,NULL,0,NULL,0,NULL,0,NULL,0,NULL,0,NULL,NULL,NULL,NULL,NULL,NULL,0,0,NULL,NULL,NULL,NULL,NULL,NULL,0,0,0,0,0,NULL,0,NULL,0,NULL,NULL),(800,'ff72719bee35797e5c63a0246cddf75f486d93ae',35,NULL,0,NULL,0,NULL,0,NULL,0,NULL,0,NULL,0,NULL,0,NULL,NULL,NULL,NULL,NULL,NULL,0,0,NULL,NULL,NULL,NULL,NULL,NULL,0,0,0,0,0,NULL,0,NULL,0,NULL,NULL),(801,'ff72719bee35797e5c63a0246cddf75f486d93ae',36,NULL,0,NULL,0,NULL,0,NULL,0,NULL,0,NULL,0,NULL,0,NULL,NULL,NULL,NULL,NULL,NULL,0,0,NULL,NULL,NULL,NULL,NULL,NULL,0,0,0,0,0,NULL,0,NULL,0,NULL,NULL),(802,'ff72719bee35797e5c63a0246cddf75f486d93ae',37,NULL,0,NULL,0,NULL,0,NULL,0,NULL,0,NULL,0,NULL,0,NULL,NULL,NULL,NULL,NULL,NULL,0,0,NULL,NULL,NULL,NULL,NULL,NULL,0,0,0,0,0,NULL,0,NULL,0,NULL,NULL),(803,'ff72719bee35797e5c63a0246cddf75f486d93ae',38,NULL,0,NULL,0,NULL,0,NULL,0,NULL,0,NULL,0,NULL,0,NULL,NULL,NULL,NULL,NULL,NULL,0,0,NULL,NULL,NULL,NULL,NULL,NULL,0,0,0,0,0,NULL,0,NULL,0,NULL,NULL),(804,'ff72719bee35797e5c63a0246cddf75f486d93ae',39,NULL,0,NULL,0,NULL,0,NULL,0,NULL,0,NULL,0,NULL,0,NULL,NULL,NULL,NULL,NULL,NULL,0,0,NULL,NULL,NULL,NULL,NULL,NULL,0,0,0,0,0,NULL,0,NULL,0,NULL,NULL),(805,'ff72719bee35797e5c63a0246cddf75f486d93ae',40,NULL,0,NULL,0,NULL,0,NULL,0,NULL,0,NULL,0,NULL,0,NULL,NULL,NULL,NULL,NULL,NULL,0,0,NULL,NULL,NULL,NULL,NULL,NULL,0,0,0,0,0,NULL,0,NULL,0,NULL,NULL),(806,'ff72719bee35797e5c63a0246cddf75f486d93ae',41,NULL,0,NULL,0,NULL,0,NULL,0,NULL,0,NULL,0,NULL,0,NULL,NULL,NULL,NULL,NULL,NULL,0,0,NULL,NULL,NULL,NULL,NULL,NULL,0,0,0,0,0,NULL,0,NULL,0,NULL,NULL),(807,'ff72719bee35797e5c63a0246cddf75f486d93ae',42,NULL,0,NULL,0,NULL,0,NULL,0,NULL,0,NULL,0,NULL,0,NULL,NULL,NULL,NULL,NULL,NULL,0,0,NULL,NULL,NULL,NULL,NULL,NULL,0,0,0,0,0,NULL,0,NULL,0,NULL,NULL),(808,'ff72719bee35797e5c63a0246cddf75f486d93ae',43,NULL,0,NULL,0,NULL,0,NULL,0,NULL,0,NULL,0,NULL,0,NULL,NULL,NULL,NULL,NULL,NULL,0,0,NULL,NULL,NULL,NULL,NULL,NULL,0,0,0,0,0,NULL,0,NULL,0,NULL,NULL),(809,'ff72719bee35797e5c63a0246cddf75f486d93ae',44,NULL,0,NULL,0,NULL,0,NULL,0,NULL,0,NULL,0,NULL,0,NULL,NULL,NULL,NULL,NULL,NULL,0,0,NULL,NULL,NULL,NULL,NULL,NULL,0,0,0,0,0,NULL,0,NULL,0,NULL,NULL),(810,'ff72719bee35797e5c63a0246cddf75f486d93ae',45,NULL,0,NULL,0,NULL,0,NULL,0,NULL,0,NULL,0,NULL,0,NULL,NULL,NULL,NULL,NULL,NULL,0,0,NULL,NULL,NULL,NULL,NULL,NULL,0,0,0,0,0,NULL,0,NULL,0,NULL,NULL),(811,'ff72719bee35797e5c63a0246cddf75f486d93ae',46,NULL,0,NULL,0,NULL,0,NULL,0,NULL,0,NULL,0,NULL,0,NULL,NULL,NULL,NULL,NULL,NULL,0,0,NULL,NULL,NULL,NULL,NULL,NULL,0,0,0,0,0,NULL,0,NULL,0,NULL,NULL),(812,'ff72719bee35797e5c63a0246cddf75f486d93ae',47,NULL,0,NULL,0,NULL,0,NULL,0,NULL,0,NULL,0,NULL,0,NULL,NULL,NULL,NULL,NULL,NULL,0,0,NULL,NULL,NULL,NULL,NULL,NULL,0,0,0,0,0,NULL,0,NULL,0,NULL,NULL),(813,'ff72719bee35797e5c63a0246cddf75f486d93ae',48,NULL,0,NULL,0,NULL,0,NULL,0,NULL,0,NULL,0,NULL,0,NULL,NULL,NULL,NULL,NULL,NULL,0,0,NULL,NULL,NULL,NULL,NULL,NULL,0,0,0,0,0,NULL,0,NULL,0,NULL,NULL),(814,'ff72719bee35797e5c63a0246cddf75f486d93ae',49,NULL,0,NULL,0,NULL,0,NULL,0,NULL,0,NULL,0,NULL,0,NULL,NULL,NULL,NULL,NULL,NULL,0,0,NULL,NULL,NULL,NULL,NULL,NULL,0,0,0,0,0,NULL,0,NULL,0,NULL,NULL),(815,'ff72719bee35797e5c63a0246cddf75f486d93ae',50,NULL,0,NULL,0,NULL,0,NULL,0,NULL,0,NULL,0,NULL,0,NULL,NULL,NULL,NULL,NULL,NULL,0,0,NULL,NULL,NULL,NULL,NULL,NULL,0,0,0,0,0,NULL,0,NULL,0,NULL,NULL),(816,'ff72719bee35797e5c63a0246cddf75f486d93ae',51,NULL,0,NULL,0,NULL,0,NULL,0,NULL,0,NULL,0,NULL,0,NULL,NULL,NULL,NULL,NULL,NULL,0,0,NULL,NULL,NULL,NULL,NULL,NULL,0,0,0,0,0,NULL,0,NULL,0,NULL,NULL),(817,'ff72719bee35797e5c63a0246cddf75f486d93ae',52,NULL,0,NULL,0,NULL,0,NULL,0,NULL,0,NULL,0,NULL,0,NULL,NULL,NULL,NULL,NULL,NULL,0,0,NULL,NULL,NULL,NULL,NULL,NULL,0,0,0,0,0,NULL,0,NULL,0,NULL,NULL),(818,'ff72719bee35797e5c63a0246cddf75f486d93ae',53,NULL,0,NULL,0,NULL,0,NULL,0,NULL,0,NULL,0,NULL,0,NULL,NULL,NULL,NULL,NULL,NULL,0,0,NULL,NULL,NULL,NULL,NULL,NULL,0,0,0,0,0,NULL,0,NULL,0,NULL,NULL),(819,'ff72719bee35797e5c63a0246cddf75f486d93ae',54,NULL,0,NULL,0,NULL,0,NULL,0,NULL,0,NULL,0,NULL,0,NULL,NULL,NULL,NULL,NULL,NULL,0,0,NULL,NULL,NULL,NULL,NULL,NULL,0,0,0,0,0,NULL,0,NULL,0,NULL,NULL),(820,'ff72719bee35797e5c63a0246cddf75f486d93ae',55,NULL,0,NULL,0,NULL,0,NULL,0,NULL,0,NULL,0,NULL,0,NULL,NULL,NULL,NULL,NULL,NULL,0,0,NULL,NULL,NULL,NULL,NULL,NULL,0,0,0,0,0,NULL,0,NULL,0,NULL,NULL),(821,'ff72719bee35797e5c63a0246cddf75f486d93ae',56,NULL,0,NULL,0,NULL,0,NULL,0,NULL,0,NULL,0,NULL,0,NULL,NULL,NULL,NULL,NULL,NULL,0,0,NULL,NULL,NULL,NULL,NULL,NULL,0,0,0,0,0,NULL,0,NULL,0,NULL,NULL),(822,'ff72719bee35797e5c63a0246cddf75f486d93ae',57,NULL,0,NULL,0,NULL,0,NULL,0,NULL,0,NULL,0,NULL,0,NULL,NULL,NULL,NULL,NULL,NULL,0,0,NULL,NULL,NULL,NULL,NULL,NULL,0,0,0,0,0,NULL,0,NULL,0,NULL,NULL),(823,'ff72719bee35797e5c63a0246cddf75f486d93ae',58,NULL,0,NULL,0,NULL,0,NULL,0,NULL,0,NULL,0,NULL,0,NULL,NULL,NULL,NULL,NULL,NULL,0,0,NULL,NULL,NULL,NULL,NULL,NULL,0,0,0,0,0,NULL,0,NULL,0,NULL,NULL),(824,'ff72719bee35797e5c63a0246cddf75f486d93ae',59,NULL,0,NULL,0,NULL,0,NULL,0,NULL,0,NULL,0,NULL,0,NULL,NULL,NULL,NULL,NULL,NULL,0,0,NULL,NULL,NULL,NULL,NULL,NULL,0,0,0,0,0,NULL,0,NULL,0,NULL,NULL),(825,'ff72719bee35797e5c63a0246cddf75f486d93ae',60,NULL,0,NULL,0,NULL,0,NULL,0,NULL,0,NULL,0,NULL,0,NULL,NULL,NULL,NULL,NULL,NULL,0,0,NULL,NULL,NULL,NULL,NULL,NULL,0,0,0,0,0,NULL,0,NULL,0,NULL,NULL),(826,'ff72719bee35797e5c63a0246cddf75f486d93ae',61,NULL,0,NULL,0,NULL,0,NULL,0,NULL,0,NULL,0,NULL,0,NULL,NULL,NULL,NULL,NULL,NULL,0,0,NULL,NULL,NULL,NULL,NULL,NULL,0,0,0,0,0,NULL,0,NULL,0,NULL,NULL),(827,'ff72719bee35797e5c63a0246cddf75f486d93ae',62,NULL,0,NULL,0,NULL,0,NULL,0,NULL,0,NULL,0,NULL,0,NULL,NULL,NULL,NULL,NULL,NULL,0,0,NULL,NULL,NULL,NULL,NULL,NULL,0,0,0,0,0,NULL,0,NULL,0,NULL,NULL),(828,'ff72719bee35797e5c63a0246cddf75f486d93ae',63,NULL,0,NULL,0,NULL,0,NULL,0,NULL,0,NULL,0,NULL,0,NULL,NULL,NULL,NULL,NULL,NULL,0,0,NULL,NULL,NULL,NULL,NULL,NULL,0,0,0,0,0,NULL,0,NULL,0,NULL,NULL),(829,'ff72719bee35797e5c63a0246cddf75f486d93ae',64,NULL,0,NULL,0,NULL,0,NULL,0,NULL,0,NULL,0,NULL,0,NULL,NULL,NULL,NULL,NULL,NULL,0,0,NULL,NULL,NULL,NULL,NULL,NULL,0,0,0,0,0,NULL,0,NULL,0,NULL,NULL),(830,'ff72719bee35797e5c63a0246cddf75f486d93ae',65,NULL,0,NULL,0,NULL,0,NULL,0,NULL,0,NULL,0,NULL,0,NULL,NULL,NULL,NULL,NULL,NULL,0,0,NULL,NULL,NULL,NULL,NULL,NULL,0,0,0,0,0,NULL,0,NULL,0,NULL,NULL),(831,'ff72719bee35797e5c63a0246cddf75f486d93ae',66,NULL,0,NULL,0,NULL,0,NULL,0,NULL,0,NULL,0,NULL,0,NULL,NULL,NULL,NULL,NULL,NULL,0,0,NULL,NULL,NULL,NULL,NULL,NULL,0,0,0,0,0,NULL,0,NULL,0,NULL,NULL),(832,'ff72719bee35797e5c63a0246cddf75f486d93ae',67,NULL,0,NULL,0,NULL,0,NULL,0,NULL,0,NULL,0,NULL,0,NULL,NULL,NULL,NULL,NULL,NULL,0,0,NULL,NULL,NULL,NULL,NULL,NULL,0,0,0,0,0,NULL,0,NULL,0,NULL,NULL),(833,'ff72719bee35797e5c63a0246cddf75f486d93ae',68,NULL,0,NULL,0,NULL,0,NULL,0,NULL,0,NULL,0,NULL,0,NULL,NULL,NULL,NULL,NULL,NULL,0,0,NULL,NULL,NULL,NULL,NULL,NULL,0,0,0,0,0,NULL,0,NULL,0,NULL,NULL),(834,'ff72719bee35797e5c63a0246cddf75f486d93ae',69,NULL,0,NULL,0,NULL,0,NULL,0,NULL,0,NULL,0,NULL,0,NULL,NULL,NULL,NULL,NULL,NULL,0,0,NULL,NULL,NULL,NULL,NULL,NULL,0,0,0,0,0,NULL,0,NULL,0,NULL,NULL),(835,'ff72719bee35797e5c63a0246cddf75f486d93ae',70,NULL,0,NULL,0,NULL,0,NULL,0,NULL,0,NULL,0,NULL,0,NULL,NULL,NULL,NULL,NULL,NULL,0,0,NULL,NULL,NULL,NULL,NULL,NULL,0,0,0,0,0,NULL,0,NULL,0,NULL,NULL),(836,'ff72719bee35797e5c63a0246cddf75f486d93ae',71,NULL,0,NULL,0,NULL,0,NULL,0,NULL,0,NULL,0,NULL,0,NULL,NULL,NULL,NULL,NULL,NULL,0,0,NULL,NULL,NULL,NULL,NULL,NULL,0,0,0,0,0,NULL,0,NULL,0,NULL,NULL),(837,'ff72719bee35797e5c63a0246cddf75f486d93ae',72,NULL,0,NULL,0,NULL,0,NULL,0,NULL,0,NULL,0,NULL,0,NULL,NULL,NULL,NULL,NULL,NULL,0,0,NULL,NULL,NULL,NULL,NULL,NULL,0,0,0,0,0,NULL,0,NULL,0,NULL,NULL),(838,'ff72719bee35797e5c63a0246cddf75f486d93ae',73,NULL,0,NULL,0,NULL,0,NULL,0,NULL,0,NULL,0,NULL,0,NULL,NULL,NULL,NULL,NULL,NULL,0,0,NULL,NULL,NULL,NULL,NULL,NULL,0,0,0,0,0,NULL,0,NULL,0,NULL,NULL),(839,'ff72719bee35797e5c63a0246cddf75f486d93ae',74,NULL,0,NULL,0,NULL,0,NULL,0,NULL,0,NULL,0,NULL,0,NULL,NULL,NULL,NULL,NULL,NULL,0,0,NULL,NULL,NULL,NULL,NULL,NULL,0,0,0,0,0,NULL,0,NULL,0,NULL,NULL),(840,'ff72719bee35797e5c63a0246cddf75f486d93ae',75,NULL,0,NULL,0,NULL,0,NULL,0,NULL,0,NULL,0,NULL,0,NULL,NULL,NULL,NULL,NULL,NULL,0,0,NULL,NULL,NULL,NULL,NULL,NULL,0,0,0,0,0,NULL,0,NULL,0,NULL,NULL),(841,'ff72719bee35797e5c63a0246cddf75f486d93ae',76,NULL,0,NULL,0,NULL,0,NULL,0,NULL,0,NULL,0,NULL,0,NULL,NULL,NULL,NULL,NULL,NULL,0,0,NULL,NULL,NULL,NULL,NULL,NULL,0,0,0,0,0,NULL,0,NULL,0,NULL,NULL),(842,'ff72719bee35797e5c63a0246cddf75f486d93ae',77,NULL,0,NULL,0,NULL,0,NULL,0,NULL,0,NULL,0,NULL,0,NULL,NULL,NULL,NULL,NULL,NULL,0,0,NULL,NULL,NULL,NULL,NULL,NULL,0,0,0,0,0,NULL,0,NULL,0,NULL,NULL),(843,'ff72719bee35797e5c63a0246cddf75f486d93ae',78,NULL,0,NULL,0,NULL,0,NULL,0,NULL,0,NULL,0,NULL,0,NULL,NULL,NULL,NULL,NULL,NULL,0,0,NULL,NULL,NULL,NULL,NULL,NULL,0,0,0,0,0,NULL,0,NULL,0,NULL,NULL),(844,'ff72719bee35797e5c63a0246cddf75f486d93ae',79,NULL,0,NULL,0,NULL,0,NULL,0,NULL,0,NULL,0,NULL,0,NULL,NULL,NULL,NULL,NULL,NULL,0,0,NULL,NULL,NULL,NULL,NULL,NULL,0,0,0,0,0,NULL,0,NULL,0,NULL,NULL),(845,'ff72719bee35797e5c63a0246cddf75f486d93ae',80,NULL,0,NULL,0,NULL,0,NULL,0,NULL,0,NULL,0,NULL,0,NULL,NULL,NULL,NULL,NULL,NULL,0,0,NULL,NULL,NULL,NULL,NULL,NULL,0,0,0,0,0,NULL,0,NULL,0,NULL,NULL),(846,'ff72719bee35797e5c63a0246cddf75f486d93ae',81,NULL,0,NULL,0,NULL,0,NULL,0,NULL,0,NULL,0,NULL,0,NULL,NULL,NULL,NULL,NULL,NULL,0,0,NULL,NULL,NULL,NULL,NULL,NULL,0,0,0,0,0,NULL,0,NULL,0,NULL,NULL),(847,'ff72719bee35797e5c63a0246cddf75f486d93ae',82,NULL,0,NULL,0,NULL,0,NULL,0,NULL,0,NULL,0,NULL,0,NULL,NULL,NULL,NULL,NULL,NULL,0,0,NULL,NULL,NULL,NULL,NULL,NULL,0,0,0,0,0,NULL,0,NULL,0,NULL,NULL),(848,'ff72719bee35797e5c63a0246cddf75f486d93ae',83,NULL,0,NULL,0,NULL,0,NULL,0,NULL,0,NULL,0,NULL,0,NULL,NULL,NULL,NULL,NULL,NULL,0,0,NULL,NULL,NULL,NULL,NULL,NULL,0,0,0,0,0,NULL,0,NULL,0,NULL,NULL),(849,'ff72719bee35797e5c63a0246cddf75f486d93ae',84,NULL,0,NULL,0,NULL,0,NULL,0,NULL,0,NULL,0,NULL,0,NULL,NULL,NULL,NULL,NULL,NULL,0,0,NULL,NULL,NULL,NULL,NULL,NULL,0,0,0,0,0,NULL,0,NULL,0,NULL,NULL),(850,'ff72719bee35797e5c63a0246cddf75f486d93ae',85,NULL,0,NULL,0,NULL,0,NULL,0,NULL,0,NULL,0,NULL,0,NULL,NULL,NULL,NULL,NULL,NULL,0,0,NULL,NULL,NULL,NULL,NULL,NULL,0,0,0,0,0,NULL,0,NULL,0,NULL,NULL),(851,'ff72719bee35797e5c63a0246cddf75f486d93ae',86,NULL,0,NULL,0,NULL,0,NULL,0,NULL,0,NULL,0,NULL,0,NULL,NULL,NULL,NULL,NULL,NULL,0,0,NULL,NULL,NULL,NULL,NULL,NULL,0,0,0,0,0,NULL,0,NULL,0,NULL,NULL),(852,'ff72719bee35797e5c63a0246cddf75f486d93ae',87,NULL,0,NULL,0,NULL,0,NULL,0,NULL,0,NULL,0,NULL,0,NULL,NULL,NULL,NULL,NULL,NULL,0,0,NULL,NULL,NULL,NULL,NULL,NULL,0,0,0,0,0,NULL,0,NULL,0,NULL,NULL),(853,'ff72719bee35797e5c63a0246cddf75f486d93ae',88,NULL,0,NULL,0,NULL,0,NULL,0,NULL,0,NULL,0,NULL,0,NULL,NULL,NULL,NULL,NULL,NULL,0,0,NULL,NULL,NULL,NULL,NULL,NULL,0,0,0,0,0,NULL,0,NULL,0,NULL,NULL),(854,'ff72719bee35797e5c63a0246cddf75f486d93ae',89,NULL,0,NULL,0,NULL,0,NULL,0,NULL,0,NULL,0,NULL,0,NULL,NULL,NULL,NULL,NULL,NULL,0,0,NULL,NULL,NULL,NULL,NULL,NULL,0,0,0,0,0,NULL,0,NULL,0,NULL,NULL),(855,'ff72719bee35797e5c63a0246cddf75f486d93ae',90,NULL,0,NULL,0,NULL,0,NULL,0,NULL,0,NULL,0,NULL,0,NULL,NULL,NULL,NULL,NULL,NULL,0,0,NULL,NULL,NULL,NULL,NULL,NULL,0,0,0,0,0,NULL,0,NULL,0,NULL,NULL),(856,'ff72719bee35797e5c63a0246cddf75f486d93ae',91,NULL,0,NULL,0,NULL,0,NULL,0,NULL,0,NULL,0,NULL,0,NULL,NULL,NULL,NULL,NULL,NULL,0,0,NULL,NULL,NULL,NULL,NULL,NULL,0,0,0,0,0,NULL,0,NULL,0,NULL,NULL),(857,'ff72719bee35797e5c63a0246cddf75f486d93ae',92,NULL,0,NULL,0,NULL,0,NULL,0,NULL,0,NULL,0,NULL,0,NULL,NULL,NULL,NULL,NULL,NULL,0,0,NULL,NULL,NULL,NULL,NULL,NULL,0,0,0,0,0,NULL,0,NULL,0,NULL,NULL),(858,'ff72719bee35797e5c63a0246cddf75f486d93ae',93,NULL,0,NULL,0,NULL,0,NULL,0,NULL,0,NULL,0,NULL,0,NULL,NULL,NULL,NULL,NULL,NULL,0,0,NULL,NULL,NULL,NULL,NULL,NULL,0,0,0,0,0,NULL,0,NULL,0,NULL,NULL),(859,'ff72719bee35797e5c63a0246cddf75f486d93ae',94,NULL,0,NULL,0,NULL,0,NULL,0,NULL,0,NULL,0,NULL,0,NULL,NULL,NULL,NULL,NULL,NULL,0,0,NULL,NULL,NULL,NULL,NULL,NULL,0,0,0,0,0,NULL,0,NULL,0,NULL,NULL),(860,'ff72719bee35797e5c63a0246cddf75f486d93ae',95,NULL,0,NULL,0,NULL,0,NULL,0,NULL,0,NULL,0,NULL,0,NULL,NULL,NULL,NULL,NULL,NULL,0,0,NULL,NULL,NULL,NULL,NULL,NULL,0,0,0,0,0,NULL,0,NULL,0,NULL,NULL),(861,'ff72719bee35797e5c63a0246cddf75f486d93ae',96,NULL,0,NULL,0,NULL,0,NULL,0,NULL,0,NULL,0,NULL,0,NULL,NULL,NULL,NULL,NULL,NULL,0,0,NULL,NULL,NULL,NULL,NULL,NULL,0,0,0,0,0,NULL,0,NULL,0,NULL,NULL),(862,'ff72719bee35797e5c63a0246cddf75f486d93ae',97,NULL,0,NULL,0,NULL,0,NULL,0,NULL,0,NULL,0,NULL,0,NULL,NULL,NULL,NULL,NULL,NULL,0,0,NULL,NULL,NULL,NULL,NULL,NULL,0,0,0,0,0,NULL,0,NULL,0,NULL,NULL),(863,'ff72719bee35797e5c63a0246cddf75f486d93ae',98,NULL,0,NULL,0,NULL,0,NULL,0,NULL,0,NULL,0,NULL,0,NULL,NULL,NULL,NULL,NULL,NULL,0,0,NULL,NULL,NULL,NULL,NULL,NULL,0,0,0,0,0,NULL,0,NULL,0,NULL,NULL),(864,'ff72719bee35797e5c63a0246cddf75f486d93ae',99,NULL,0,NULL,0,NULL,0,NULL,0,NULL,0,NULL,0,NULL,0,NULL,NULL,NULL,NULL,NULL,NULL,0,0,NULL,NULL,NULL,NULL,NULL,NULL,0,0,0,0,0,NULL,0,NULL,0,NULL,NULL),(865,'ff72719bee35797e5c63a0246cddf75f486d93ae',100,NULL,0,NULL,0,NULL,0,NULL,0,NULL,0,NULL,0,NULL,0,NULL,NULL,NULL,NULL,NULL,NULL,0,0,NULL,NULL,NULL,NULL,NULL,NULL,0,0,0,0,0,NULL,0,NULL,0,NULL,NULL),(866,'ff72719bee35797e5c63a0246cddf75f486d93ae',101,NULL,0,NULL,0,NULL,0,NULL,0,NULL,0,NULL,0,NULL,0,NULL,NULL,NULL,NULL,NULL,NULL,0,0,NULL,NULL,NULL,NULL,NULL,NULL,0,0,0,0,0,NULL,0,NULL,0,NULL,NULL),(867,'ff72719bee35797e5c63a0246cddf75f486d93ae',102,NULL,0,NULL,0,NULL,0,NULL,0,NULL,0,NULL,0,NULL,0,NULL,NULL,NULL,NULL,NULL,NULL,0,0,NULL,NULL,NULL,NULL,NULL,NULL,0,0,0,0,0,NULL,0,NULL,0,NULL,NULL),(868,'ff72719bee35797e5c63a0246cddf75f486d93ae',103,NULL,0,NULL,0,NULL,0,NULL,0,NULL,0,NULL,0,NULL,0,NULL,NULL,NULL,NULL,NULL,NULL,0,0,NULL,NULL,NULL,NULL,NULL,NULL,0,0,0,0,0,NULL,0,NULL,0,NULL,NULL),(869,'ff72719bee35797e5c63a0246cddf75f486d93ae',104,NULL,0,NULL,0,NULL,0,NULL,0,NULL,0,NULL,0,NULL,0,NULL,NULL,NULL,NULL,NULL,NULL,0,0,NULL,NULL,NULL,NULL,NULL,NULL,0,0,0,0,0,NULL,0,NULL,0,NULL,NULL),(870,'ff72719bee35797e5c63a0246cddf75f486d93ae',105,NULL,0,NULL,0,NULL,0,NULL,0,NULL,0,NULL,0,NULL,0,NULL,NULL,NULL,NULL,NULL,NULL,0,0,NULL,NULL,NULL,NULL,NULL,NULL,0,0,0,0,0,NULL,0,NULL,0,NULL,NULL),(871,'ff72719bee35797e5c63a0246cddf75f486d93ae',106,NULL,0,NULL,0,NULL,0,NULL,0,NULL,0,NULL,0,NULL,0,NULL,NULL,NULL,NULL,NULL,NULL,0,0,NULL,NULL,NULL,NULL,NULL,NULL,0,0,0,0,0,NULL,0,NULL,0,NULL,NULL),(872,'ff72719bee35797e5c63a0246cddf75f486d93ae',107,NULL,0,NULL,0,NULL,0,NULL,0,NULL,0,NULL,0,NULL,0,NULL,NULL,NULL,NULL,NULL,NULL,0,0,NULL,NULL,NULL,NULL,NULL,NULL,0,0,0,0,0,NULL,0,NULL,0,NULL,NULL),(873,'ff72719bee35797e5c63a0246cddf75f486d93ae',108,NULL,0,NULL,0,NULL,0,NULL,0,NULL,0,NULL,0,NULL,0,NULL,NULL,NULL,NULL,NULL,NULL,0,0,NULL,NULL,NULL,NULL,NULL,NULL,0,0,0,0,0,NULL,0,NULL,0,NULL,NULL),(874,'ff72719bee35797e5c63a0246cddf75f486d93ae',109,NULL,0,NULL,0,NULL,0,NULL,0,NULL,0,NULL,0,NULL,0,NULL,NULL,NULL,NULL,NULL,NULL,0,0,NULL,NULL,NULL,NULL,NULL,NULL,0,0,0,0,0,NULL,0,NULL,0,NULL,NULL),(875,'ff72719bee35797e5c63a0246cddf75f486d93ae',110,NULL,0,NULL,0,NULL,0,NULL,0,NULL,0,NULL,0,NULL,0,NULL,NULL,NULL,NULL,NULL,NULL,0,0,NULL,NULL,NULL,NULL,NULL,NULL,0,0,0,0,0,NULL,0,NULL,0,NULL,NULL),(876,'ff72719bee35797e5c63a0246cddf75f486d93ae',111,NULL,0,NULL,0,NULL,0,NULL,0,NULL,0,NULL,0,NULL,0,NULL,NULL,NULL,NULL,NULL,NULL,0,0,NULL,NULL,NULL,NULL,NULL,NULL,0,0,0,0,0,NULL,0,NULL,0,NULL,NULL),(877,'ff72719bee35797e5c63a0246cddf75f486d93ae',112,NULL,0,NULL,0,NULL,0,NULL,0,NULL,0,NULL,0,NULL,0,NULL,NULL,NULL,NULL,NULL,NULL,0,0,NULL,NULL,NULL,NULL,NULL,NULL,0,0,0,0,0,NULL,0,NULL,0,NULL,NULL),(878,'ff72719bee35797e5c63a0246cddf75f486d93ae',113,NULL,0,NULL,0,NULL,0,NULL,0,NULL,0,NULL,0,NULL,0,NULL,NULL,NULL,NULL,NULL,NULL,0,0,NULL,NULL,NULL,NULL,NULL,NULL,0,0,0,0,0,NULL,0,NULL,0,NULL,NULL),(879,'ff72719bee35797e5c63a0246cddf75f486d93ae',114,NULL,0,NULL,0,NULL,0,NULL,0,NULL,0,NULL,0,NULL,0,NULL,NULL,NULL,NULL,NULL,NULL,0,0,NULL,NULL,NULL,NULL,NULL,NULL,0,0,0,0,0,NULL,0,NULL,0,NULL,NULL),(880,'ff72719bee35797e5c63a0246cddf75f486d93ae',115,NULL,0,NULL,0,NULL,0,NULL,0,NULL,0,NULL,0,NULL,0,NULL,NULL,NULL,NULL,NULL,NULL,0,0,NULL,NULL,NULL,NULL,NULL,NULL,0,0,0,0,0,NULL,0,NULL,0,NULL,NULL),(881,'ff72719bee35797e5c63a0246cddf75f486d93ae',116,NULL,0,NULL,0,NULL,0,NULL,0,NULL,0,NULL,0,NULL,0,NULL,NULL,NULL,NULL,NULL,NULL,0,0,NULL,NULL,NULL,NULL,NULL,NULL,0,0,0,0,0,NULL,0,NULL,0,NULL,NULL),(882,'ff72719bee35797e5c63a0246cddf75f486d93ae',117,NULL,0,NULL,0,NULL,0,NULL,0,NULL,0,NULL,0,NULL,0,NULL,NULL,NULL,NULL,NULL,NULL,0,0,NULL,NULL,NULL,NULL,NULL,NULL,0,0,0,0,0,NULL,0,NULL,0,NULL,NULL),(883,'ff72719bee35797e5c63a0246cddf75f486d93ae',118,NULL,0,NULL,0,NULL,0,NULL,0,NULL,0,NULL,0,NULL,0,NULL,NULL,NULL,NULL,NULL,NULL,0,0,NULL,NULL,NULL,NULL,NULL,NULL,0,0,0,0,0,NULL,0,NULL,0,NULL,NULL),(884,'ff72719bee35797e5c63a0246cddf75f486d93ae',119,NULL,0,NULL,0,NULL,0,NULL,0,NULL,0,NULL,0,NULL,0,NULL,NULL,NULL,NULL,NULL,NULL,0,0,NULL,NULL,NULL,NULL,NULL,NULL,0,0,0,0,0,NULL,0,NULL,0,NULL,NULL),(885,'ff72719bee35797e5c63a0246cddf75f486d93ae',120,NULL,0,NULL,0,NULL,0,NULL,0,NULL,0,NULL,0,NULL,0,NULL,NULL,NULL,NULL,NULL,NULL,0,0,NULL,NULL,NULL,NULL,NULL,NULL,0,0,0,0,0,NULL,0,NULL,0,NULL,NULL),(886,'ff72719bee35797e5c63a0246cddf75f486d93ae',121,NULL,0,NULL,0,NULL,0,NULL,0,NULL,0,NULL,0,NULL,0,NULL,NULL,NULL,NULL,NULL,NULL,0,0,NULL,NULL,NULL,NULL,NULL,NULL,0,0,0,0,0,NULL,0,NULL,0,NULL,NULL),(887,'ff72719bee35797e5c63a0246cddf75f486d93ae',122,NULL,0,NULL,0,NULL,0,NULL,0,NULL,0,NULL,0,NULL,0,NULL,NULL,NULL,NULL,NULL,NULL,0,0,NULL,NULL,NULL,NULL,NULL,NULL,0,0,0,0,0,NULL,0,NULL,0,NULL,NULL),(888,'ff72719bee35797e5c63a0246cddf75f486d93ae',123,NULL,0,NULL,0,NULL,0,NULL,0,NULL,0,NULL,0,NULL,0,NULL,NULL,NULL,NULL,NULL,NULL,0,0,NULL,NULL,NULL,NULL,NULL,NULL,0,0,0,0,0,NULL,0,NULL,0,NULL,NULL),(889,'ff72719bee35797e5c63a0246cddf75f486d93ae',124,NULL,0,NULL,0,NULL,0,NULL,0,NULL,0,NULL,0,NULL,0,NULL,NULL,NULL,NULL,NULL,NULL,0,0,NULL,NULL,NULL,NULL,NULL,NULL,0,0,0,0,0,NULL,0,NULL,0,NULL,NULL),(890,'ff72719bee35797e5c63a0246cddf75f486d93ae',125,NULL,0,NULL,0,NULL,0,NULL,0,NULL,0,NULL,0,NULL,0,NULL,NULL,NULL,NULL,NULL,NULL,0,0,NULL,NULL,NULL,NULL,NULL,NULL,0,0,0,0,0,NULL,0,NULL,0,NULL,NULL),(891,'ff72719bee35797e5c63a0246cddf75f486d93ae',126,NULL,0,NULL,0,NULL,0,NULL,0,NULL,0,NULL,0,NULL,0,NULL,NULL,NULL,NULL,NULL,NULL,0,0,NULL,NULL,NULL,NULL,NULL,NULL,0,0,0,0,0,NULL,0,NULL,0,NULL,NULL),(892,'ff72719bee35797e5c63a0246cddf75f486d93ae',127,NULL,0,NULL,0,NULL,0,NULL,0,NULL,0,NULL,0,NULL,0,NULL,NULL,NULL,NULL,NULL,NULL,0,0,NULL,NULL,NULL,NULL,NULL,NULL,0,0,0,0,0,NULL,0,NULL,0,NULL,NULL),(893,'ff72719bee35797e5c63a0246cddf75f486d93ae',128,NULL,0,NULL,0,NULL,0,NULL,0,NULL,0,NULL,0,NULL,0,NULL,NULL,NULL,NULL,NULL,NULL,0,0,NULL,NULL,NULL,NULL,NULL,NULL,0,0,0,0,0,NULL,0,NULL,0,NULL,NULL),(894,'ff72719bee35797e5c63a0246cddf75f486d93ae',129,NULL,0,NULL,0,NULL,0,NULL,0,NULL,0,NULL,0,NULL,0,NULL,NULL,NULL,NULL,NULL,NULL,0,0,NULL,NULL,NULL,NULL,NULL,NULL,0,0,0,0,0,NULL,0,NULL,0,NULL,NULL),(895,'ff72719bee35797e5c63a0246cddf75f486d93ae',130,NULL,0,NULL,0,NULL,0,NULL,0,NULL,0,NULL,0,NULL,0,NULL,NULL,NULL,NULL,NULL,NULL,0,0,NULL,NULL,NULL,NULL,NULL,NULL,0,0,0,0,0,NULL,0,NULL,0,NULL,NULL),(896,'ff72719bee35797e5c63a0246cddf75f486d93ae',131,NULL,0,NULL,0,NULL,0,NULL,0,NULL,0,NULL,0,NULL,0,NULL,NULL,NULL,NULL,NULL,NULL,0,0,NULL,NULL,NULL,NULL,NULL,NULL,0,0,0,0,0,NULL,0,NULL,0,NULL,NULL),(897,'ff72719bee35797e5c63a0246cddf75f486d93ae',132,NULL,0,NULL,0,NULL,0,NULL,0,NULL,0,NULL,0,NULL,0,NULL,NULL,NULL,NULL,NULL,NULL,0,0,NULL,NULL,NULL,NULL,NULL,NULL,0,0,0,0,0,NULL,0,NULL,0,NULL,NULL),(898,'ff72719bee35797e5c63a0246cddf75f486d93ae',133,NULL,0,NULL,0,NULL,0,NULL,0,NULL,0,NULL,0,NULL,0,NULL,NULL,NULL,NULL,NULL,NULL,0,0,NULL,NULL,NULL,NULL,NULL,NULL,0,0,0,0,0,NULL,0,NULL,0,NULL,NULL),(899,'ff72719bee35797e5c63a0246cddf75f486d93ae',134,NULL,0,NULL,0,NULL,0,NULL,0,NULL,0,NULL,0,NULL,0,NULL,NULL,NULL,NULL,NULL,NULL,0,0,NULL,NULL,NULL,NULL,NULL,NULL,0,0,0,0,0,NULL,0,NULL,0,NULL,NULL),(900,'ff72719bee35797e5c63a0246cddf75f486d93ae',135,NULL,0,NULL,0,NULL,0,NULL,0,NULL,0,NULL,0,NULL,0,NULL,NULL,NULL,NULL,NULL,NULL,0,0,NULL,NULL,NULL,NULL,NULL,NULL,0,0,0,0,0,NULL,0,NULL,0,NULL,NULL),(901,'ff72719bee35797e5c63a0246cddf75f486d93ae',136,NULL,0,NULL,0,NULL,0,NULL,0,NULL,0,NULL,0,NULL,0,NULL,NULL,NULL,NULL,NULL,NULL,0,0,NULL,NULL,NULL,NULL,NULL,NULL,0,0,0,0,0,NULL,0,NULL,0,NULL,NULL),(902,'ff72719bee35797e5c63a0246cddf75f486d93ae',137,NULL,0,NULL,0,NULL,0,NULL,0,NULL,0,NULL,0,NULL,0,NULL,NULL,NULL,NULL,NULL,NULL,0,0,NULL,NULL,NULL,NULL,NULL,NULL,0,0,0,0,0,NULL,0,NULL,0,NULL,NULL),(903,'ff72719bee35797e5c63a0246cddf75f486d93ae',138,NULL,0,NULL,0,NULL,0,NULL,0,NULL,0,NULL,0,NULL,0,NULL,NULL,NULL,NULL,NULL,NULL,0,0,NULL,NULL,NULL,NULL,NULL,NULL,0,0,0,0,0,NULL,0,NULL,0,NULL,NULL),(904,'ff72719bee35797e5c63a0246cddf75f486d93ae',139,NULL,0,NULL,0,NULL,0,NULL,0,NULL,0,NULL,0,NULL,0,NULL,NULL,NULL,NULL,NULL,NULL,0,0,NULL,NULL,NULL,NULL,NULL,NULL,0,0,0,0,0,NULL,0,NULL,0,NULL,NULL),(905,'ff72719bee35797e5c63a0246cddf75f486d93ae',140,NULL,0,NULL,0,NULL,0,NULL,0,NULL,0,NULL,0,NULL,0,NULL,NULL,NULL,NULL,NULL,NULL,0,0,NULL,NULL,NULL,NULL,NULL,NULL,0,0,0,0,0,NULL,0,NULL,0,NULL,NULL),(906,'ff72719bee35797e5c63a0246cddf75f486d93ae',141,NULL,0,NULL,0,NULL,0,NULL,0,NULL,0,NULL,0,NULL,0,NULL,NULL,NULL,NULL,NULL,NULL,0,0,NULL,NULL,NULL,NULL,NULL,NULL,0,0,0,0,0,NULL,0,NULL,0,NULL,NULL),(907,'ff72719bee35797e5c63a0246cddf75f486d93ae',142,NULL,0,NULL,0,NULL,0,NULL,0,NULL,0,NULL,0,NULL,0,NULL,NULL,NULL,NULL,NULL,NULL,0,0,NULL,NULL,NULL,NULL,NULL,NULL,0,0,0,0,0,NULL,0,NULL,0,NULL,NULL),(908,'ff72719bee35797e5c63a0246cddf75f486d93ae',143,NULL,0,NULL,0,NULL,0,NULL,0,NULL,0,NULL,0,NULL,0,NULL,NULL,NULL,NULL,NULL,NULL,0,0,NULL,NULL,NULL,NULL,NULL,NULL,0,0,0,0,0,NULL,0,NULL,0,NULL,NULL),(909,'ff72719bee35797e5c63a0246cddf75f486d93ae',144,NULL,0,NULL,0,NULL,0,NULL,0,NULL,0,NULL,0,NULL,0,NULL,NULL,NULL,NULL,NULL,NULL,0,0,NULL,NULL,NULL,NULL,NULL,NULL,0,0,0,0,0,NULL,0,NULL,0,NULL,NULL),(910,'ff72719bee35797e5c63a0246cddf75f486d93ae',145,NULL,0,NULL,0,NULL,0,NULL,0,NULL,0,NULL,0,NULL,0,NULL,NULL,NULL,NULL,NULL,NULL,0,0,NULL,NULL,NULL,NULL,NULL,NULL,0,0,0,0,0,NULL,0,NULL,0,NULL,NULL),(911,'ff72719bee35797e5c63a0246cddf75f486d93ae',146,NULL,0,NULL,0,NULL,0,NULL,0,NULL,0,NULL,0,NULL,0,NULL,NULL,NULL,NULL,NULL,NULL,0,0,NULL,NULL,NULL,NULL,NULL,NULL,0,0,0,0,0,NULL,0,NULL,0,NULL,NULL),(912,'ff72719bee35797e5c63a0246cddf75f486d93ae',147,NULL,0,NULL,0,NULL,0,NULL,0,NULL,0,NULL,0,NULL,0,NULL,NULL,NULL,NULL,NULL,NULL,0,0,NULL,NULL,NULL,NULL,NULL,NULL,0,0,0,0,0,NULL,0,NULL,0,NULL,NULL),(913,'ff72719bee35797e5c63a0246cddf75f486d93ae',148,NULL,0,NULL,0,NULL,0,NULL,0,NULL,0,NULL,0,NULL,0,NULL,NULL,NULL,NULL,NULL,NULL,0,0,NULL,NULL,NULL,NULL,NULL,NULL,0,0,0,0,0,NULL,0,NULL,0,NULL,NULL),(914,'ff72719bee35797e5c63a0246cddf75f486d93ae',149,NULL,0,NULL,0,NULL,0,NULL,0,NULL,0,NULL,0,NULL,0,NULL,NULL,NULL,NULL,NULL,NULL,0,0,NULL,NULL,NULL,NULL,NULL,NULL,0,0,0,0,0,NULL,0,NULL,0,NULL,NULL),(915,'ff72719bee35797e5c63a0246cddf75f486d93ae',150,NULL,0,NULL,0,NULL,0,NULL,0,NULL,0,NULL,0,NULL,0,NULL,NULL,NULL,NULL,NULL,NULL,0,0,NULL,NULL,NULL,NULL,NULL,NULL,0,0,0,0,0,NULL,0,NULL,0,NULL,NULL),(916,'ff72719bee35797e5c63a0246cddf75f486d93ae',151,NULL,0,NULL,0,NULL,0,NULL,0,NULL,0,NULL,0,NULL,0,NULL,NULL,NULL,NULL,NULL,NULL,0,0,NULL,NULL,NULL,NULL,NULL,NULL,0,0,0,0,0,NULL,0,NULL,0,NULL,NULL),(917,'ff72719bee35797e5c63a0246cddf75f486d93ae',152,NULL,0,NULL,0,NULL,0,NULL,0,NULL,0,NULL,0,NULL,0,NULL,NULL,NULL,NULL,NULL,NULL,0,0,NULL,NULL,NULL,NULL,NULL,NULL,0,0,0,0,0,NULL,0,NULL,0,NULL,NULL),(918,'ff72719bee35797e5c63a0246cddf75f486d93ae',153,NULL,0,NULL,0,NULL,0,NULL,0,NULL,0,NULL,0,NULL,0,NULL,NULL,NULL,NULL,NULL,NULL,0,0,NULL,NULL,NULL,NULL,NULL,NULL,0,0,0,0,0,NULL,0,NULL,0,NULL,NULL),(919,'ff72719bee35797e5c63a0246cddf75f486d93ae',154,NULL,0,NULL,0,NULL,0,NULL,0,NULL,0,NULL,0,NULL,0,NULL,NULL,NULL,NULL,NULL,NULL,0,0,NULL,NULL,NULL,NULL,NULL,NULL,0,0,0,0,0,NULL,0,NULL,0,NULL,NULL),(920,'ff72719bee35797e5c63a0246cddf75f486d93ae',155,NULL,0,NULL,0,NULL,0,NULL,0,NULL,0,NULL,0,NULL,0,NULL,NULL,NULL,NULL,NULL,NULL,0,0,NULL,NULL,NULL,NULL,NULL,NULL,0,0,0,0,0,NULL,0,NULL,0,NULL,NULL),(921,'ff72719bee35797e5c63a0246cddf75f486d93ae',156,NULL,0,NULL,0,NULL,0,NULL,0,NULL,0,NULL,0,NULL,0,NULL,NULL,NULL,NULL,NULL,NULL,0,0,NULL,NULL,NULL,NULL,NULL,NULL,0,0,0,0,0,NULL,0,NULL,0,NULL,NULL),(922,'ff72719bee35797e5c63a0246cddf75f486d93ae',157,NULL,0,NULL,0,NULL,0,NULL,0,NULL,0,NULL,0,NULL,0,NULL,NULL,NULL,NULL,NULL,NULL,0,0,NULL,NULL,NULL,NULL,NULL,NULL,0,0,0,0,0,NULL,0,NULL,0,NULL,NULL),(923,'ff72719bee35797e5c63a0246cddf75f486d93ae',158,NULL,0,NULL,0,NULL,0,NULL,0,NULL,0,NULL,0,NULL,0,NULL,NULL,NULL,NULL,NULL,NULL,0,0,NULL,NULL,NULL,NULL,NULL,NULL,0,0,0,0,0,NULL,0,NULL,0,NULL,NULL),(924,'ff72719bee35797e5c63a0246cddf75f486d93ae',159,NULL,0,NULL,0,NULL,0,NULL,0,NULL,0,NULL,0,NULL,0,NULL,NULL,NULL,NULL,NULL,NULL,0,0,NULL,NULL,NULL,NULL,NULL,NULL,0,0,0,0,0,NULL,0,NULL,0,NULL,NULL),(925,'ff72719bee35797e5c63a0246cddf75f486d93ae',160,NULL,0,NULL,0,NULL,0,NULL,0,NULL,0,NULL,0,NULL,0,NULL,NULL,NULL,NULL,NULL,NULL,0,0,NULL,NULL,NULL,NULL,NULL,NULL,0,0,0,0,0,NULL,0,NULL,0,NULL,NULL),(926,'ff72719bee35797e5c63a0246cddf75f486d93ae',161,NULL,0,NULL,0,NULL,0,NULL,0,NULL,0,NULL,0,NULL,0,NULL,NULL,NULL,NULL,NULL,NULL,0,0,NULL,NULL,NULL,NULL,NULL,NULL,0,0,0,0,0,NULL,0,NULL,0,NULL,NULL),(927,'ff72719bee35797e5c63a0246cddf75f486d93ae',162,NULL,0,NULL,0,NULL,0,NULL,0,NULL,0,NULL,0,NULL,0,NULL,NULL,NULL,NULL,NULL,NULL,0,0,NULL,NULL,NULL,NULL,NULL,NULL,0,0,0,0,0,NULL,0,NULL,0,NULL,NULL),(928,'ff72719bee35797e5c63a0246cddf75f486d93ae',163,NULL,0,NULL,0,NULL,0,NULL,0,NULL,0,NULL,0,NULL,0,NULL,NULL,NULL,NULL,NULL,NULL,0,0,NULL,NULL,NULL,NULL,NULL,NULL,0,0,0,0,0,NULL,0,NULL,0,NULL,NULL);

/*Table structure for table `data_laporanhd` */

DROP TABLE IF EXISTS `data_laporanhd`;

CREATE TABLE `data_laporanhd` (
  `ID_LAPORANHD` varchar(200) NOT NULL,
  `TANGGAL` date DEFAULT NULL,
  `DAERAH_IRIGASI` varchar(200) DEFAULT NULL,
  `LUAS_AREA_IRIGASI` float DEFAULT NULL,
  `TINGKATAN_IRIGASI` varchar(100) DEFAULT NULL,
  `KABUPATEN` varchar(200) DEFAULT NULL,
  `RANTING` varchar(200) DEFAULT NULL,
  `MANTRI` varchar(150) DEFAULT NULL,
  `STATUS_LAPORANHD` varchar(100) DEFAULT NULL,
  `STATUS_ALL` varchar(200) DEFAULT NULL,
  `TANGGAL_1` date DEFAULT NULL,
  `TANGGAL_2` date DEFAULT NULL,
  `TANGGAL_3` date DEFAULT NULL,
  PRIMARY KEY (`ID_LAPORANHD`)
) ENGINE=InnoDB DEFAULT CHARSET=latin1;

/*Data for the table `data_laporanhd` */

insert  into `data_laporanhd`(`ID_LAPORANHD`,`TANGGAL`,`DAERAH_IRIGASI`,`LUAS_AREA_IRIGASI`,`TINGKATAN_IRIGASI`,`KABUPATEN`,`RANTING`,`MANTRI`,`STATUS_LAPORANHD`,`STATUS_ALL`,`TANGGAL_1`,`TANGGAL_2`,`TANGGAL_3`) values ('c52f8d45367af6e875403ebec0542bb950dd3232','2020-09-01','CIPARAY',1916,'T','BANDUNG','CIPARAY','CIPARAY','OKE','DIKERJAKAN','2020-09-09','2020-09-21','2020-09-26'),('e55907f68e4f4d6b4efe7d49a16278a441ae4ef3','2020-09-01','CIMANDIRI',4141,'T','SUKABUMI','CIMANDIRI','CIMANDIRI','OKE','MENUNGGU PERSETUJUAN','2020-09-01','2020-09-16','2020-09-29'),('ff72719bee35797e5c63a0246cddf75f486d93ae','2020-09-01','UJUNGBERUNG',1231,'T',' BANDUNG','UJUNGBERUNG','UJUNGBERUNG','OKE','DISETUJUI','2020-09-08','2020-09-21','2020-09-29');

/*Table structure for table `data_riwayat` */

DROP TABLE IF EXISTS `data_riwayat`;

CREATE TABLE `data_riwayat` (
  `ID` int(11) NOT NULL AUTO_INCREMENT,
  `DATA_TABLE` varchar(100) DEFAULT NULL,
  `AKSI` varchar(100) DEFAULT NULL,
  `OLEH` varchar(100) DEFAULT NULL,
  `TANGGAL` timestamp NOT NULL DEFAULT CURRENT_TIMESTAMP ON UPDATE CURRENT_TIMESTAMP,
  PRIMARY KEY (`ID`)
) ENGINE=InnoDB AUTO_INCREMENT=11 DEFAULT CHARSET=latin1;

/*Data for the table `data_riwayat` */

insert  into `data_riwayat`(`ID`,`DATA_TABLE`,`AKSI`,`OLEH`,`TANGGAL`) values (10,'TABLE LAPORANHD - DATA UJUNGBERUNG','TAMBAH','DIDIN','2020-09-29 09:51:29');

/*Table structure for table `data_ruas` */

DROP TABLE IF EXISTS `data_ruas`;

CREATE TABLE `data_ruas` (
  `id_ruas` int(11) NOT NULL AUTO_INCREMENT,
  `nama_ruas` varchar(200) DEFAULT NULL,
  PRIMARY KEY (`id_ruas`)
) ENGINE=InnoDB AUTO_INCREMENT=145 DEFAULT CHARSET=latin1;

/*Data for the table `data_ruas` */

insert  into `data_ruas`(`id_ruas`,`nama_ruas`) values (1,'Hm 0 - Hm 1'),(2,'Hm 0 - Hm 1'),(3,'Hm 2 - Hm 3'),(4,'Hm 3 - Hm 4'),(5,'Hm 5 - Hm 6'),(6,'Hm 6 - Hm 7'),(7,'Hm 8 - Hm 9'),(8,'Hm 10 - Hm 11'),(9,'Hm 13 - Hm 14'),(10,'Hm 15 - Hm 16'),(11,'Hm 25 '),(12,'Hm 27 - Hm 28'),(13,'Hm 31 - Hm 32'),(14,'Hm 32 - Hm 33'),(15,'Hm 33'),(16,'Hm 34'),(17,'Hm 34 - Hm 35'),(18,'Hm 35'),(19,'Hm 35 - Hm 36'),(20,'Hm 36 - Hm 37'),(21,'Hm 38 - Hm 45'),(22,'Hm 45 - Hm 46'),(23,'Hm 46 - Hm 47'),(24,'Hm 47 - Hm 48'),(25,'Hm 49'),(26,'Hm 49 - Hm 50'),(27,'Hm 50'),(28,'Hm 50 - Hm 51'),(29,'Hm 53'),(30,'Hm 53 - Hm 54'),(31,'Hm 54 - Hm 55'),(32,'Hm 55'),(33,'Hm 56'),(34,'Hm 56 - Hm 57'),(35,'Hm 57'),(36,'Hm 58'),(37,'Hm 58 - Hm 59'),(38,'Hm 59'),(39,'Hm 59 - Hm 60'),(40,'Hm 60'),(41,'Hm 61'),(42,'Hm 62'),(43,'Hm 63'),(44,'Hm 63 - Hm 64'),(45,'Hm 64'),(46,'Hm 65 - Hm 68'),(47,'Hm 71'),(48,'Hm 76'),(49,'Hm 79 - Hm 80'),(50,'Hm 81 - Hm 82'),(51,'Hm 82'),(52,'Hm 83'),(53,'Hm 88'),(54,'Hm 90'),(55,'Hm 92'),(56,'Hm 93'),(57,'Hm 94'),(58,'Hm 94 - Hm 95'),(59,'Hm 95'),(60,'Hm 96'),(61,'Hm 97 - Hm 98'),(62,'Hm 98 - Hm 99'),(63,'Hm 100'),(64,'Hm 105'),(65,'Hm 108'),(66,'Hm 110 - Hm 111'),(67,'Hm 112 - Hm 113'),(68,'Hm 114'),(69,'Hm 115'),(70,'Hm 118'),(71,'Hm 121'),(72,'Hm 125'),(73,'Hm 126'),(74,'Hm 126 - Hm 127'),(75,'Hm 127'),(76,'Hm 129'),(77,'Hm 129 - Hm 130'),(78,'Hm 139 - Hm 140'),(79,'Hm 140'),(80,'Hm 143'),(81,'Hm 144 - Hm 145'),(82,'Hm 145 - Hm 146'),(83,'Hm 148 - Hm 149'),(84,'Hm 152'),(85,'Hm 152 - Hm 153'),(86,'Hm 153 - Hm 154'),(87,'Hm 155'),(88,'Hm 156'),(89,'Hm 156 - Hm 157'),(90,'Hm 157'),(91,'Hm 158'),(92,'Hm 159'),(93,'Hm 161'),(94,'Hm 163'),(95,'Hm 165'),(96,'Hm 166'),(97,'Hm 167'),(98,'Hm 167 - Hm 168'),(99,'Hm 169 - Hm 170'),(100,'Hm 172'),(101,'Hm 173'),(102,'Hm 175'),(103,'Hm 179'),(104,'Hm 179 - Hm 180'),(105,'Hm 180 - Hm 181'),(106,'Hm 182'),(107,'Hm 183'),(108,'Hm 184'),(109,'Hm 185'),(110,'Hm 189 - Hm 190'),(111,'Hm 190'),(112,'Hm 191'),(113,'Hm 192'),(114,'Hm 193'),(115,'Hm 194'),(116,'Hm 195'),(117,'Hm 196'),(118,'Hm 196 - Hm 197'),(119,'Hm 198'),(120,'Hm 200'),(121,'Hm 204'),(122,'Hm 206'),(123,'Hm 208'),(124,'Hm 208 - Hm 209'),(125,'Hm 209'),(126,'Hm 210'),(127,'Hm 210 - Hm 211'),(128,'Hm 211'),(129,'Hm 212 - Hm 213'),(130,'Hm 213'),(131,'Hm 213 - Hm 214'),(132,'Hm 215'),(133,'Hm 216'),(134,'Hm 217'),(135,'Hm 217 - Hm 218'),(136,'Hm 218'),(137,'Hm 218 - Hm 219'),(138,'Hm 220'),(139,'Hm 220 - Hm 221'),(140,'Hm 221'),(141,'Hm 223'),(142,'Hm 224'),(143,'Hm 225'),(144,'Hm 234');

/*Table structure for table `users` */

DROP TABLE IF EXISTS `users`;

CREATE TABLE `users` (
  `id` int(11) NOT NULL AUTO_INCREMENT,
  `username` varchar(100) DEFAULT NULL,
  `password` varchar(100) DEFAULT NULL,
  `level` varchar(100) DEFAULT NULL,
  `nama_lengkap` varchar(100) DEFAULT NULL,
  `nip` varchar(150) DEFAULT NULL,
  PRIMARY KEY (`id`)
) ENGINE=InnoDB AUTO_INCREMENT=37 DEFAULT CHARSET=latin1;

/*Data for the table `users` */

insert  into `users`(`id`,`username`,`password`,`level`,`nama_lengkap`,`nip`) values (1,'reza','40bd001563085fc35165329ea1ff5c5ecbdbbeef','ADMIN','Fachreza Maulana','14946046464'),(33,'didin','40bd001563085fc35165329ea1ff5c5ecbdbbeef','MANTRI','didin','18461688674646'),(34,'asep','40bd001563085fc35165329ea1ff5c5ecbdbbeef','SUP','asep','81132131683'),(36,'eko','40bd001563085fc35165329ea1ff5c5ecbdbbeef','SEKSI IRIGASI','eko','55168616446');

/*!40101 SET SQL_MODE=@OLD_SQL_MODE */;
/*!40014 SET FOREIGN_KEY_CHECKS=@OLD_FOREIGN_KEY_CHECKS */;
/*!40014 SET UNIQUE_CHECKS=@OLD_UNIQUE_CHECKS */;
/*!40111 SET SQL_NOTES=@OLD_SQL_NOTES */;
